"year","month","global","north","south","ts","time"
1880,1,-0.17,-0.35,0.01,1880.04,"1880-1-15 00:00:00"
1880,2,-0.23,-0.51,0.04,1880.12,"1880-2-15 00:00:00"
1880,3,-0.08,-0.23,0.07,1880.21,"1880-3-15 00:00:00"
1880,4,-0.15,-0.3,-0.01,1880.29,"1880-4-15 00:00:00"
1880,5,-0.09,-0.06,-0.12,1880.38,"1880-5-15 00:00:00"
1880,6,-0.2,-0.15,-0.24,1880.46,"1880-6-15 00:00:00"
1880,7,-0.17,-0.18,-0.17,1880.54,"1880-7-15 00:00:00"
1880,8,-0.09,-0.25,0.08,1880.62,"1880-8-15 00:00:00"
1880,9,-0.14,-0.22,-0.04,1880.71,"1880-9-15 00:00:00"
1880,10,-0.22,-0.31,-0.14,1880.79,"1880-10-15 00:00:00"
1880,11,-0.21,-0.42,0.01,1880.88,"1880-11-15 00:00:00"
1880,12,-0.16,-0.39,0.06,1880.96,"1880-12-15 00:00:00"
1881,1,-0.18,-0.3,-0.07,1881.04,"1881-1-15 00:00:00"
1881,2,-0.13,-0.21,-0.05,1881.12,"1881-2-15 00:00:00"
1881,3,0.04,-0.03,0.1,1881.21,"1881-3-15 00:00:00"
1881,4,0.06,0.01,0.1,1881.29,"1881-4-15 00:00:00"
1881,5,0.07,0.04,0.09,1881.38,"1881-5-15 00:00:00"
1881,6,-0.17,-0.32,-0.04,1881.46,"1881-6-15 00:00:00"
1881,7,0.01,0.09,-0.07,1881.54,"1881-7-15 00:00:00"
1881,8,-0.02,-0.03,-0.01,1881.62,"1881-8-15 00:00:00"
1881,9,-0.14,-0.26,-0.04,1881.71,"1881-9-15 00:00:00"
1881,10,-0.2,-0.42,0,1881.79,"1881-10-15 00:00:00"
1881,11,-0.17,-0.36,0.01,1881.88,"1881-11-15 00:00:00"
1881,12,-0.06,-0.22,0.1,1881.96,"1881-12-15 00:00:00"
1882,1,0.18,0.28,0.08,1882.04,"1882-1-15 00:00:00"
1882,2,0.15,0.22,0.08,1882.12,"1882-2-15 00:00:00"
1882,3,0.06,0.03,0.08,1882.21,"1882-3-15 00:00:00"
1882,4,-0.15,-0.31,-0.01,1882.29,"1882-4-15 00:00:00"
1882,5,-0.14,-0.24,-0.04,1882.38,"1882-5-15 00:00:00"
1882,6,-0.22,-0.28,-0.14,1882.46,"1882-6-15 00:00:00"
1882,7,-0.15,-0.26,-0.04,1882.54,"1882-7-15 00:00:00"
1882,8,-0.06,-0.14,0.02,1882.62,"1882-8-15 00:00:00"
1882,9,-0.14,-0.24,-0.04,1882.71,"1882-9-15 00:00:00"
1882,10,-0.23,-0.51,0.04,1882.79,"1882-10-15 00:00:00"
1882,11,-0.15,-0.32,0,1882.88,"1882-11-15 00:00:00"
1882,12,-0.35,-0.67,-0.06,1882.96,"1882-12-15 00:00:00"
1883,1,-0.28,-0.56,-0.01,1883.04,"1883-1-15 00:00:00"
1883,2,-0.36,-0.65,-0.07,1883.12,"1883-2-15 00:00:00"
1883,3,-0.12,-0.15,-0.08,1883.21,"1883-3-15 00:00:00"
1883,4,-0.18,-0.3,-0.06,1883.29,"1883-4-15 00:00:00"
1883,5,-0.17,-0.25,-0.1,1883.38,"1883-5-15 00:00:00"
1883,6,-0.06,-0.11,-0.02,1883.46,"1883-6-15 00:00:00"
1883,7,-0.07,-0.05,-0.08,1883.54,"1883-7-15 00:00:00"
1883,8,-0.13,-0.22,-0.04,1883.62,"1883-8-15 00:00:00"
1883,9,-0.21,-0.33,-0.1,1883.71,"1883-9-15 00:00:00"
1883,10,-0.11,-0.16,-0.06,1883.79,"1883-10-15 00:00:00"
1883,11,-0.23,-0.44,-0.03,1883.88,"1883-11-15 00:00:00"
1883,12,-0.1,-0.15,-0.05,1883.96,"1883-12-15 00:00:00"
1884,1,-0.12,-0.17,-0.07,1884.04,"1884-1-15 00:00:00"
1884,2,-0.08,-0.11,-0.05,1884.12,"1884-2-15 00:00:00"
1884,3,-0.36,-0.64,-0.1,1884.21,"1884-3-15 00:00:00"
1884,4,-0.39,-0.59,-0.21,1884.29,"1884-4-15 00:00:00"
1884,5,-0.34,-0.37,-0.31,1884.38,"1884-5-15 00:00:00"
1884,6,-0.34,-0.41,-0.29,1884.46,"1884-6-15 00:00:00"
1884,7,-0.32,-0.45,-0.21,1884.54,"1884-7-15 00:00:00"
1884,8,-0.27,-0.5,-0.06,1884.62,"1884-8-15 00:00:00"
1884,9,-0.27,-0.45,-0.11,1884.71,"1884-9-15 00:00:00"
1884,10,-0.24,-0.44,-0.06,1884.79,"1884-10-15 00:00:00"
1884,11,-0.32,-0.56,-0.09,1884.88,"1884-11-15 00:00:00"
1884,12,-0.3,-0.46,-0.14,1884.96,"1884-12-15 00:00:00"
1885,1,-0.57,-1,-0.19,1885.04,"1885-1-15 00:00:00"
1885,2,-0.32,-0.44,-0.22,1885.12,"1885-2-15 00:00:00"
1885,3,-0.25,-0.22,-0.29,1885.21,"1885-3-15 00:00:00"
1885,4,-0.41,-0.48,-0.35,1885.29,"1885-4-15 00:00:00"
1885,5,-0.44,-0.56,-0.32,1885.38,"1885-5-15 00:00:00"
1885,6,-0.42,-0.43,-0.42,1885.46,"1885-6-15 00:00:00"
1885,7,-0.32,-0.31,-0.33,1885.54,"1885-7-15 00:00:00"
1885,8,-0.29,-0.38,-0.22,1885.62,"1885-8-15 00:00:00"
1885,9,-0.27,-0.37,-0.19,1885.71,"1885-9-15 00:00:00"
1885,10,-0.22,-0.34,-0.12,1885.79,"1885-10-15 00:00:00"
1885,11,-0.22,-0.36,-0.1,1885.88,"1885-11-15 00:00:00"
1885,12,-0.08,-0.09,-0.09,1885.96,"1885-12-15 00:00:00"
1886,1,-0.41,-0.71,-0.13,1886.04,"1886-1-15 00:00:00"
1886,2,-0.49,-0.81,-0.19,1886.12,"1886-2-15 00:00:00"
1886,3,-0.41,-0.69,-0.16,1886.21,"1886-3-15 00:00:00"
1886,4,-0.27,-0.35,-0.19,1886.29,"1886-4-15 00:00:00"
1886,5,-0.23,-0.31,-0.15,1886.38,"1886-5-15 00:00:00"
1886,6,-0.33,-0.35,-0.31,1886.46,"1886-6-15 00:00:00"
1886,7,-0.17,-0.12,-0.21,1886.54,"1886-7-15 00:00:00"
1886,8,-0.29,-0.4,-0.18,1886.62,"1886-8-15 00:00:00"
1886,9,-0.22,-0.3,-0.14,1886.71,"1886-9-15 00:00:00"
1886,10,-0.26,-0.29,-0.23,1886.79,"1886-10-15 00:00:00"
1886,11,-0.25,-0.37,-0.14,1886.88,"1886-11-15 00:00:00"
1886,12,-0.23,-0.18,-0.28,1886.96,"1886-12-15 00:00:00"
1887,1,-0.7,-1.06,-0.36,1887.04,"1887-1-15 00:00:00"
1887,2,-0.55,-0.68,-0.43,1887.12,"1887-2-15 00:00:00"
1887,3,-0.34,-0.42,-0.27,1887.21,"1887-3-15 00:00:00"
1887,4,-0.33,-0.36,-0.3,1887.29,"1887-4-15 00:00:00"
1887,5,-0.29,-0.23,-0.35,1887.38,"1887-5-15 00:00:00"
1887,6,-0.23,-0.18,-0.27,1887.46,"1887-6-15 00:00:00"
1887,7,-0.24,-0.22,-0.27,1887.54,"1887-7-15 00:00:00"
1887,8,-0.33,-0.52,-0.16,1887.62,"1887-8-15 00:00:00"
1887,9,-0.24,-0.18,-0.29,1887.71,"1887-9-15 00:00:00"
1887,10,-0.34,-0.46,-0.22,1887.79,"1887-10-15 00:00:00"
1887,11,-0.24,-0.25,-0.24,1887.88,"1887-11-15 00:00:00"
1887,12,-0.32,-0.41,-0.22,1887.96,"1887-12-15 00:00:00"
1888,1,-0.32,-0.46,-0.2,1888.04,"1888-1-15 00:00:00"
1888,2,-0.34,-0.58,-0.12,1888.12,"1888-2-15 00:00:00"
1888,3,-0.39,-0.6,-0.21,1888.21,"1888-3-15 00:00:00"
1888,4,-0.19,-0.19,-0.19,1888.29,"1888-4-15 00:00:00"
1888,5,-0.21,-0.13,-0.29,1888.38,"1888-5-15 00:00:00"
1888,6,-0.16,-0.01,-0.31,1888.46,"1888-6-15 00:00:00"
1888,7,-0.09,0.02,-0.2,1888.54,"1888-7-15 00:00:00"
1888,8,-0.14,-0.18,-0.09,1888.62,"1888-8-15 00:00:00"
1888,9,-0.11,-0.17,-0.04,1888.71,"1888-9-15 00:00:00"
1888,10,0.03,0,0.06,1888.79,"1888-10-15 00:00:00"
1888,11,0.05,0.03,0.07,1888.88,"1888-11-15 00:00:00"
1888,12,-0.03,-0.22,0.15,1888.96,"1888-12-15 00:00:00"
1889,1,-0.07,-0.25,0.09,1889.04,"1889-1-15 00:00:00"
1889,2,0.19,0.33,0.03,1889.12,"1889-2-15 00:00:00"
1889,3,0.07,0,0.13,1889.21,"1889-3-15 00:00:00"
1889,4,0.11,0.18,0.03,1889.29,"1889-4-15 00:00:00"
1889,5,0,-0.02,0.02,1889.38,"1889-5-15 00:00:00"
1889,6,-0.09,-0.05,-0.12,1889.46,"1889-6-15 00:00:00"
1889,7,-0.06,-0.06,-0.07,1889.54,"1889-7-15 00:00:00"
1889,8,-0.19,-0.19,-0.19,1889.62,"1889-8-15 00:00:00"
1889,9,-0.23,-0.28,-0.17,1889.71,"1889-9-15 00:00:00"
1889,10,-0.24,-0.39,-0.1,1889.79,"1889-10-15 00:00:00"
1889,11,-0.32,-0.6,-0.05,1889.88,"1889-11-15 00:00:00"
1889,12,-0.28,-0.53,-0.03,1889.96,"1889-12-15 00:00:00"
1890,1,-0.41,-0.62,-0.2,1890.04,"1890-1-15 00:00:00"
1890,2,-0.45,-0.58,-0.32,1890.12,"1890-2-15 00:00:00"
1890,3,-0.39,-0.46,-0.33,1890.21,"1890-3-15 00:00:00"
1890,4,-0.28,-0.23,-0.34,1890.29,"1890-4-15 00:00:00"
1890,5,-0.39,-0.34,-0.43,1890.38,"1890-5-15 00:00:00"
1890,6,-0.23,-0.14,-0.33,1890.46,"1890-6-15 00:00:00"
1890,7,-0.27,-0.21,-0.32,1890.54,"1890-7-15 00:00:00"
1890,8,-0.38,-0.37,-0.38,1890.62,"1890-8-15 00:00:00"
1890,9,-0.35,-0.33,-0.38,1890.71,"1890-9-15 00:00:00"
1890,10,-0.24,-0.08,-0.39,1890.79,"1890-10-15 00:00:00"
1890,11,-0.43,-0.62,-0.24,1890.88,"1890-11-15 00:00:00"
1890,12,-0.3,-0.45,-0.16,1890.96,"1890-12-15 00:00:00"
1891,1,-0.32,-0.45,-0.2,1891.04,"1891-1-15 00:00:00"
1891,2,-0.46,-0.68,-0.25,1891.12,"1891-2-15 00:00:00"
1891,3,-0.17,-0.14,-0.2,1891.21,"1891-3-15 00:00:00"
1891,4,-0.26,-0.34,-0.19,1891.29,"1891-4-15 00:00:00"
1891,5,-0.15,-0.14,-0.17,1891.38,"1891-5-15 00:00:00"
1891,6,-0.2,-0.11,-0.28,1891.46,"1891-6-15 00:00:00"
1891,7,-0.17,-0.11,-0.23,1891.54,"1891-7-15 00:00:00"
1891,8,-0.16,-0.11,-0.21,1891.62,"1891-8-15 00:00:00"
1891,9,-0.15,-0.06,-0.23,1891.71,"1891-9-15 00:00:00"
1891,10,-0.21,-0.27,-0.16,1891.79,"1891-10-15 00:00:00"
1891,11,-0.3,-0.51,-0.1,1891.88,"1891-11-15 00:00:00"
1891,12,-0.03,-0.02,-0.05,1891.96,"1891-12-15 00:00:00"
1892,1,-0.27,-0.47,-0.08,1892.04,"1892-1-15 00:00:00"
1892,2,-0.09,-0.14,-0.05,1892.12,"1892-2-15 00:00:00"
1892,3,-0.39,-0.65,-0.13,1892.21,"1892-3-15 00:00:00"
1892,4,-0.32,-0.44,-0.21,1892.29,"1892-4-15 00:00:00"
1892,5,-0.23,-0.22,-0.23,1892.38,"1892-5-15 00:00:00"
1892,6,-0.21,-0.04,-0.38,1892.46,"1892-6-15 00:00:00"
1892,7,-0.31,-0.36,-0.26,1892.54,"1892-7-15 00:00:00"
1892,8,-0.26,-0.31,-0.21,1892.62,"1892-8-15 00:00:00"
1892,9,-0.15,-0.18,-0.13,1892.71,"1892-9-15 00:00:00"
1892,10,-0.13,-0.26,0,1892.79,"1892-10-15 00:00:00"
1892,11,-0.41,-0.81,-0.02,1892.88,"1892-11-15 00:00:00"
1892,12,-0.37,-0.64,-0.11,1892.96,"1892-12-15 00:00:00"
1893,1,-0.8,-1.5,-0.12,1893.04,"1893-1-15 00:00:00"
1893,2,-0.55,-0.94,-0.17,1893.12,"1893-2-15 00:00:00"
1893,3,-0.21,-0.3,-0.12,1893.21,"1893-3-15 00:00:00"
1893,4,-0.26,-0.29,-0.24,1893.29,"1893-4-15 00:00:00"
1893,5,-0.34,-0.43,-0.24,1893.38,"1893-5-15 00:00:00"
1893,6,-0.25,-0.18,-0.32,1893.46,"1893-6-15 00:00:00"
1893,7,-0.13,-0.13,-0.14,1893.54,"1893-7-15 00:00:00"
1893,8,-0.24,-0.33,-0.17,1893.62,"1893-8-15 00:00:00"
1893,9,-0.22,-0.28,-0.16,1893.71,"1893-9-15 00:00:00"
1893,10,-0.18,-0.27,-0.08,1893.79,"1893-10-15 00:00:00"
1893,11,-0.18,-0.33,-0.03,1893.88,"1893-11-15 00:00:00"
1893,12,-0.31,-0.61,-0.02,1893.96,"1893-12-15 00:00:00"
1894,1,-0.51,-0.9,-0.13,1894.04,"1894-1-15 00:00:00"
1894,2,-0.28,-0.4,-0.15,1894.12,"1894-2-15 00:00:00"
1894,3,-0.22,-0.19,-0.24,1894.21,"1894-3-15 00:00:00"
1894,4,-0.44,-0.53,-0.35,1894.29,"1894-4-15 00:00:00"
1894,5,-0.3,-0.24,-0.35,1894.38,"1894-5-15 00:00:00"
1894,6,-0.39,-0.39,-0.4,1894.46,"1894-6-15 00:00:00"
1894,7,-0.23,-0.19,-0.26,1894.54,"1894-7-15 00:00:00"
1894,8,-0.23,-0.25,-0.2,1894.62,"1894-8-15 00:00:00"
1894,9,-0.27,-0.31,-0.22,1894.71,"1894-9-15 00:00:00"
1894,10,-0.22,-0.25,-0.17,1894.79,"1894-10-15 00:00:00"
1894,11,-0.24,-0.46,-0.03,1894.88,"1894-11-15 00:00:00"
1894,12,-0.2,-0.34,-0.06,1894.96,"1894-12-15 00:00:00"
1895,1,-0.39,-0.67,-0.12,1895.04,"1895-1-15 00:00:00"
1895,2,-0.41,-0.79,-0.05,1895.12,"1895-2-15 00:00:00"
1895,3,-0.31,-0.47,-0.16,1895.21,"1895-3-15 00:00:00"
1895,4,-0.2,-0.16,-0.24,1895.29,"1895-4-15 00:00:00"
1895,5,-0.26,-0.28,-0.24,1895.38,"1895-5-15 00:00:00"
1895,6,-0.19,-0.18,-0.21,1895.46,"1895-6-15 00:00:00"
1895,7,-0.16,-0.16,-0.14,1895.54,"1895-7-15 00:00:00"
1895,8,-0.16,-0.25,-0.06,1895.62,"1895-8-15 00:00:00"
1895,9,-0.11,-0.04,-0.18,1895.71,"1895-9-15 00:00:00"
1895,10,-0.1,-0.07,-0.12,1895.79,"1895-10-15 00:00:00"
1895,11,-0.15,-0.1,-0.2,1895.88,"1895-11-15 00:00:00"
1895,12,-0.12,-0.2,-0.05,1895.96,"1895-12-15 00:00:00"
1896,1,-0.21,-0.34,-0.08,1896.04,"1896-1-15 00:00:00"
1896,2,-0.12,-0.17,-0.06,1896.12,"1896-2-15 00:00:00"
1896,3,-0.25,-0.47,-0.03,1896.21,"1896-3-15 00:00:00"
1896,4,-0.29,-0.58,-0.01,1896.29,"1896-4-15 00:00:00"
1896,5,-0.15,-0.15,-0.15,1896.38,"1896-5-15 00:00:00"
1896,6,-0.1,0.09,-0.28,1896.46,"1896-6-15 00:00:00"
1896,7,-0.02,0.01,-0.05,1896.54,"1896-7-15 00:00:00"
1896,8,-0.04,-0.09,0.01,1896.62,"1896-8-15 00:00:00"
1896,9,-0.06,-0.11,-0.02,1896.71,"1896-9-15 00:00:00"
1896,10,0.08,0.07,0.09,1896.79,"1896-10-15 00:00:00"
1896,11,-0.03,-0.19,0.13,1896.88,"1896-11-15 00:00:00"
1896,12,-0.03,-0.19,0.13,1896.96,"1896-12-15 00:00:00"
1897,1,-0.14,-0.38,0.1,1897.04,"1897-1-15 00:00:00"
1897,2,-0.16,-0.4,0.08,1897.12,"1897-2-15 00:00:00"
1897,3,-0.12,-0.38,0.12,1897.21,"1897-3-15 00:00:00"
1897,4,-0.01,-0.03,0.01,1897.29,"1897-4-15 00:00:00"
1897,5,0,0.16,-0.16,1897.38,"1897-5-15 00:00:00"
1897,6,-0.1,-0.04,-0.16,1897.46,"1897-6-15 00:00:00"
1897,7,-0.02,0.06,-0.08,1897.54,"1897-7-15 00:00:00"
1897,8,-0.09,-0.05,-0.11,1897.62,"1897-8-15 00:00:00"
1897,9,-0.08,-0.05,-0.1,1897.71,"1897-9-15 00:00:00"
1897,10,-0.11,-0.12,-0.1,1897.79,"1897-10-15 00:00:00"
1897,11,-0.17,-0.25,-0.09,1897.88,"1897-11-15 00:00:00"
1897,12,-0.19,-0.26,-0.12,1897.96,"1897-12-15 00:00:00"
1898,1,0,0.08,-0.09,1898.04,"1898-1-15 00:00:00"
1898,2,-0.28,-0.41,-0.15,1898.12,"1898-2-15 00:00:00"
1898,3,-0.49,-0.77,-0.23,1898.21,"1898-3-15 00:00:00"
1898,4,-0.29,-0.25,-0.33,1898.29,"1898-4-15 00:00:00"
1898,5,-0.29,-0.24,-0.33,1898.38,"1898-5-15 00:00:00"
1898,6,-0.17,-0.05,-0.3,1898.46,"1898-6-15 00:00:00"
1898,7,-0.21,-0.09,-0.33,1898.54,"1898-7-15 00:00:00"
1898,8,-0.25,-0.14,-0.35,1898.62,"1898-8-15 00:00:00"
1898,9,-0.2,-0.15,-0.25,1898.71,"1898-9-15 00:00:00"
1898,10,-0.33,-0.34,-0.32,1898.79,"1898-10-15 00:00:00"
1898,11,-0.37,-0.48,-0.25,1898.88,"1898-11-15 00:00:00"
1898,12,-0.22,-0.24,-0.2,1898.96,"1898-12-15 00:00:00"
1899,1,-0.15,-0.11,-0.19,1899.04,"1899-1-15 00:00:00"
1899,2,-0.38,-0.64,-0.12,1899.12,"1899-2-15 00:00:00"
1899,3,-0.35,-0.57,-0.13,1899.21,"1899-3-15 00:00:00"
1899,4,-0.2,-0.23,-0.17,1899.29,"1899-4-15 00:00:00"
1899,5,-0.23,-0.23,-0.22,1899.38,"1899-5-15 00:00:00"
1899,6,-0.31,-0.34,-0.27,1899.46,"1899-6-15 00:00:00"
1899,7,-0.15,-0.15,-0.15,1899.54,"1899-7-15 00:00:00"
1899,8,-0.07,-0.05,-0.1,1899.62,"1899-8-15 00:00:00"
1899,9,-0.04,-0.03,-0.05,1899.71,"1899-9-15 00:00:00"
1899,10,-0.03,0.06,-0.11,1899.79,"1899-10-15 00:00:00"
1899,11,0.14,0.38,-0.08,1899.88,"1899-11-15 00:00:00"
1899,12,-0.25,-0.44,-0.05,1899.96,"1899-12-15 00:00:00"
1900,1,-0.34,-0.59,-0.09,1900.04,"1900-1-15 00:00:00"
1900,2,-0.04,-0.12,0.03,1900.12,"1900-2-15 00:00:00"
1900,3,0.02,0.07,-0.04,1900.21,"1900-3-15 00:00:00"
1900,4,-0.08,-0.08,-0.07,1900.29,"1900-4-15 00:00:00"
1900,5,-0.08,-0.01,-0.13,1900.38,"1900-5-15 00:00:00"
1900,6,-0.09,-0.08,-0.09,1900.46,"1900-6-15 00:00:00"
1900,7,-0.12,-0.1,-0.13,1900.54,"1900-7-15 00:00:00"
1900,8,-0.08,-0.07,-0.07,1900.62,"1900-8-15 00:00:00"
1900,9,-0.04,-0.01,-0.06,1900.71,"1900-9-15 00:00:00"
1900,10,0.11,0.25,-0.01,1900.79,"1900-10-15 00:00:00"
1900,11,-0.05,-0.1,0.01,1900.88,"1900-11-15 00:00:00"
1900,12,-0.05,0,-0.09,1900.96,"1900-12-15 00:00:00"
1901,1,-0.21,-0.32,-0.1,1901.04,"1901-1-15 00:00:00"
1901,2,-0.1,-0.08,-0.12,1901.12,"1901-2-15 00:00:00"
1901,3,0.07,0.28,-0.14,1901.21,"1901-3-15 00:00:00"
1901,4,-0.01,0.13,-0.14,1901.29,"1901-4-15 00:00:00"
1901,5,-0.14,-0.1,-0.18,1901.38,"1901-5-15 00:00:00"
1901,6,-0.11,0.02,-0.24,1901.46,"1901-6-15 00:00:00"
1901,7,-0.14,0.03,-0.29,1901.54,"1901-7-15 00:00:00"
1901,8,-0.2,-0.15,-0.23,1901.62,"1901-8-15 00:00:00"
1901,9,-0.22,-0.26,-0.17,1901.71,"1901-9-15 00:00:00"
1901,10,-0.28,-0.3,-0.26,1901.79,"1901-10-15 00:00:00"
1901,11,-0.16,-0.2,-0.12,1901.88,"1901-11-15 00:00:00"
1901,12,-0.26,-0.4,-0.14,1901.96,"1901-12-15 00:00:00"
1902,1,-0.17,-0.16,-0.18,1902.04,"1902-1-15 00:00:00"
1902,2,-0.06,0.02,-0.14,1902.12,"1902-2-15 00:00:00"
1902,3,-0.28,-0.39,-0.17,1902.21,"1902-3-15 00:00:00"
1902,4,-0.28,-0.39,-0.17,1902.29,"1902-4-15 00:00:00"
1902,5,-0.32,-0.39,-0.25,1902.38,"1902-5-15 00:00:00"
1902,6,-0.3,-0.37,-0.22,1902.46,"1902-6-15 00:00:00"
1902,7,-0.28,-0.33,-0.22,1902.54,"1902-7-15 00:00:00"
1902,8,-0.29,-0.28,-0.3,1902.62,"1902-8-15 00:00:00"
1902,9,-0.29,-0.33,-0.24,1902.71,"1902-9-15 00:00:00"
1902,10,-0.28,-0.29,-0.27,1902.79,"1902-10-15 00:00:00"
1902,11,-0.35,-0.45,-0.25,1902.88,"1902-11-15 00:00:00"
1902,12,-0.41,-0.59,-0.22,1902.96,"1902-12-15 00:00:00"
1903,1,-0.23,-0.21,-0.24,1903.04,"1903-1-15 00:00:00"
1903,2,-0.05,0.12,-0.22,1903.12,"1903-2-15 00:00:00"
1903,3,-0.22,-0.14,-0.3,1903.21,"1903-3-15 00:00:00"
1903,4,-0.4,-0.45,-0.35,1903.29,"1903-4-15 00:00:00"
1903,5,-0.39,-0.42,-0.36,1903.38,"1903-5-15 00:00:00"
1903,6,-0.41,-0.44,-0.39,1903.46,"1903-6-15 00:00:00"
1903,7,-0.35,-0.44,-0.27,1903.54,"1903-7-15 00:00:00"
1903,8,-0.44,-0.54,-0.35,1903.62,"1903-8-15 00:00:00"
1903,9,-0.49,-0.49,-0.5,1903.71,"1903-9-15 00:00:00"
1903,10,-0.48,-0.49,-0.48,1903.79,"1903-10-15 00:00:00"
1903,11,-0.42,-0.41,-0.43,1903.88,"1903-11-15 00:00:00"
1903,12,-0.5,-0.56,-0.46,1903.96,"1903-12-15 00:00:00"
1904,1,-0.63,-0.77,-0.5,1904.04,"1904-1-15 00:00:00"
1904,2,-0.57,-0.59,-0.56,1904.12,"1904-2-15 00:00:00"
1904,3,-0.48,-0.4,-0.56,1904.21,"1904-3-15 00:00:00"
1904,4,-0.5,-0.49,-0.5,1904.29,"1904-4-15 00:00:00"
1904,5,-0.51,-0.43,-0.6,1904.38,"1904-5-15 00:00:00"
1904,6,-0.48,-0.48,-0.48,1904.46,"1904-6-15 00:00:00"
1904,7,-0.5,-0.58,-0.42,1904.54,"1904-7-15 00:00:00"
1904,8,-0.48,-0.53,-0.43,1904.62,"1904-8-15 00:00:00"
1904,9,-0.55,-0.63,-0.48,1904.71,"1904-9-15 00:00:00"
1904,10,-0.38,-0.38,-0.38,1904.79,"1904-10-15 00:00:00"
1904,11,-0.17,-0.08,-0.25,1904.88,"1904-11-15 00:00:00"
1904,12,-0.32,-0.33,-0.31,1904.96,"1904-12-15 00:00:00"
1905,1,-0.34,-0.4,-0.27,1905.04,"1905-1-15 00:00:00"
1905,2,-0.58,-0.81,-0.35,1905.12,"1905-2-15 00:00:00"
1905,3,-0.21,-0.22,-0.2,1905.21,"1905-3-15 00:00:00"
1905,4,-0.33,-0.44,-0.2,1905.29,"1905-4-15 00:00:00"
1905,5,-0.29,-0.28,-0.28,1905.38,"1905-5-15 00:00:00"
1905,6,-0.28,-0.27,-0.27,1905.46,"1905-6-15 00:00:00"
1905,7,-0.26,-0.21,-0.3,1905.54,"1905-7-15 00:00:00"
1905,8,-0.19,-0.22,-0.16,1905.62,"1905-8-15 00:00:00"
1905,9,-0.19,-0.18,-0.17,1905.71,"1905-9-15 00:00:00"
1905,10,-0.24,-0.26,-0.2,1905.79,"1905-10-15 00:00:00"
1905,11,-0.06,0.09,-0.2,1905.88,"1905-11-15 00:00:00"
1905,12,-0.12,-0.16,-0.07,1905.96,"1905-12-15 00:00:00"
1906,1,-0.28,-0.56,0.02,1906.04,"1906-1-15 00:00:00"
1906,2,-0.29,-0.53,-0.04,1906.12,"1906-2-15 00:00:00"
1906,3,-0.18,-0.2,-0.16,1906.21,"1906-3-15 00:00:00"
1906,4,-0.05,0.04,-0.14,1906.29,"1906-4-15 00:00:00"
1906,5,-0.25,-0.24,-0.26,1906.38,"1906-5-15 00:00:00"
1906,6,-0.2,-0.12,-0.27,1906.46,"1906-6-15 00:00:00"
1906,7,-0.23,-0.26,-0.19,1906.54,"1906-7-15 00:00:00"
1906,8,-0.2,-0.17,-0.23,1906.62,"1906-8-15 00:00:00"
1906,9,-0.28,-0.24,-0.32,1906.71,"1906-9-15 00:00:00"
1906,10,-0.2,-0.18,-0.23,1906.79,"1906-10-15 00:00:00"
1906,11,-0.37,-0.4,-0.34,1906.88,"1906-11-15 00:00:00"
1906,12,-0.14,0.03,-0.32,1906.96,"1906-12-15 00:00:00"
1907,1,-0.43,-0.58,-0.27,1907.04,"1907-1-15 00:00:00"
1907,2,-0.51,-0.73,-0.29,1907.12,"1907-2-15 00:00:00"
1907,3,-0.27,-0.31,-0.23,1907.21,"1907-3-15 00:00:00"
1907,4,-0.37,-0.45,-0.28,1907.29,"1907-4-15 00:00:00"
1907,5,-0.46,-0.58,-0.34,1907.38,"1907-5-15 00:00:00"
1907,6,-0.41,-0.5,-0.32,1907.46,"1907-6-15 00:00:00"
1907,7,-0.35,-0.39,-0.3,1907.54,"1907-7-15 00:00:00"
1907,8,-0.34,-0.38,-0.29,1907.62,"1907-8-15 00:00:00"
1907,9,-0.34,-0.4,-0.28,1907.71,"1907-9-15 00:00:00"
1907,10,-0.22,-0.19,-0.25,1907.79,"1907-10-15 00:00:00"
1907,11,-0.46,-0.56,-0.35,1907.88,"1907-11-15 00:00:00"
1907,12,-0.46,-0.57,-0.35,1907.96,"1907-12-15 00:00:00"
1908,1,-0.44,-0.54,-0.34,1908.04,"1908-1-15 00:00:00"
1908,2,-0.32,-0.28,-0.37,1908.12,"1908-2-15 00:00:00"
1908,3,-0.55,-0.7,-0.39,1908.21,"1908-3-15 00:00:00"
1908,4,-0.44,-0.48,-0.4,1908.29,"1908-4-15 00:00:00"
1908,5,-0.37,-0.29,-0.46,1908.38,"1908-5-15 00:00:00"
1908,6,-0.37,-0.3,-0.46,1908.46,"1908-6-15 00:00:00"
1908,7,-0.35,-0.36,-0.34,1908.54,"1908-7-15 00:00:00"
1908,8,-0.45,-0.57,-0.34,1908.62,"1908-8-15 00:00:00"
1908,9,-0.36,-0.31,-0.41,1908.71,"1908-9-15 00:00:00"
1908,10,-0.44,-0.45,-0.43,1908.79,"1908-10-15 00:00:00"
1908,11,-0.51,-0.62,-0.4,1908.88,"1908-11-15 00:00:00"
1908,12,-0.48,-0.55,-0.43,1908.96,"1908-12-15 00:00:00"
1909,1,-0.72,-0.93,-0.5,1909.04,"1909-1-15 00:00:00"
1909,2,-0.45,-0.45,-0.45,1909.12,"1909-2-15 00:00:00"
1909,3,-0.54,-0.66,-0.41,1909.21,"1909-3-15 00:00:00"
1909,4,-0.58,-0.65,-0.52,1909.29,"1909-4-15 00:00:00"
1909,5,-0.54,-0.48,-0.59,1909.38,"1909-5-15 00:00:00"
1909,6,-0.51,-0.51,-0.51,1909.46,"1909-6-15 00:00:00"
1909,7,-0.45,-0.44,-0.45,1909.54,"1909-7-15 00:00:00"
1909,8,-0.33,-0.34,-0.32,1909.62,"1909-8-15 00:00:00"
1909,9,-0.39,-0.37,-0.41,1909.71,"1909-9-15 00:00:00"
1909,10,-0.39,-0.33,-0.46,1909.79,"1909-10-15 00:00:00"
1909,11,-0.31,-0.11,-0.52,1909.88,"1909-11-15 00:00:00"
1909,12,-0.56,-0.57,-0.54,1909.96,"1909-12-15 00:00:00"
1910,1,-0.41,-0.34,-0.48,1910.04,"1910-1-15 00:00:00"
1910,2,-0.41,-0.39,-0.44,1910.12,"1910-2-15 00:00:00"
1910,3,-0.5,-0.5,-0.52,1910.21,"1910-3-15 00:00:00"
1910,4,-0.42,-0.41,-0.44,1910.29,"1910-4-15 00:00:00"
1910,5,-0.34,-0.3,-0.38,1910.38,"1910-5-15 00:00:00"
1910,6,-0.38,-0.45,-0.31,1910.46,"1910-6-15 00:00:00"
1910,7,-0.34,-0.38,-0.3,1910.54,"1910-7-15 00:00:00"
1910,8,-0.36,-0.4,-0.33,1910.62,"1910-8-15 00:00:00"
1910,9,-0.39,-0.43,-0.34,1910.71,"1910-9-15 00:00:00"
1910,10,-0.41,-0.31,-0.5,1910.79,"1910-10-15 00:00:00"
1910,11,-0.54,-0.58,-0.51,1910.88,"1910-11-15 00:00:00"
1910,12,-0.67,-0.81,-0.52,1910.96,"1910-12-15 00:00:00"
1911,1,-0.62,-0.71,-0.52,1911.04,"1911-1-15 00:00:00"
1911,2,-0.57,-0.6,-0.55,1911.12,"1911-2-15 00:00:00"
1911,3,-0.61,-0.65,-0.57,1911.21,"1911-3-15 00:00:00"
1911,4,-0.53,-0.46,-0.61,1911.29,"1911-4-15 00:00:00"
1911,5,-0.51,-0.45,-0.57,1911.38,"1911-5-15 00:00:00"
1911,6,-0.49,-0.34,-0.65,1911.46,"1911-6-15 00:00:00"
1911,7,-0.41,-0.36,-0.46,1911.54,"1911-7-15 00:00:00"
1911,8,-0.43,-0.43,-0.44,1911.62,"1911-8-15 00:00:00"
1911,9,-0.41,-0.38,-0.43,1911.71,"1911-9-15 00:00:00"
1911,10,-0.26,-0.19,-0.33,1911.79,"1911-10-15 00:00:00"
1911,11,-0.2,-0.2,-0.2,1911.88,"1911-11-15 00:00:00"
1911,12,-0.2,-0.3,-0.1,1911.96,"1911-12-15 00:00:00"
1912,1,-0.25,-0.35,-0.14,1912.04,"1912-1-15 00:00:00"
1912,2,-0.14,-0.16,-0.11,1912.12,"1912-2-15 00:00:00"
1912,3,-0.37,-0.6,-0.13,1912.21,"1912-3-15 00:00:00"
1912,4,-0.17,-0.16,-0.17,1912.29,"1912-4-15 00:00:00"
1912,5,-0.21,-0.12,-0.29,1912.38,"1912-5-15 00:00:00"
1912,6,-0.23,-0.13,-0.31,1912.46,"1912-6-15 00:00:00"
1912,7,-0.42,-0.51,-0.31,1912.54,"1912-7-15 00:00:00"
1912,8,-0.54,-0.77,-0.29,1912.62,"1912-8-15 00:00:00"
1912,9,-0.58,-0.81,-0.34,1912.71,"1912-9-15 00:00:00"
1912,10,-0.57,-0.85,-0.29,1912.79,"1912-10-15 00:00:00"
1912,11,-0.38,-0.5,-0.24,1912.88,"1912-11-15 00:00:00"
1912,12,-0.43,-0.57,-0.28,1912.96,"1912-12-15 00:00:00"
1913,1,-0.4,-0.56,-0.24,1913.04,"1913-1-15 00:00:00"
1913,2,-0.45,-0.65,-0.24,1913.12,"1913-2-15 00:00:00"
1913,3,-0.42,-0.47,-0.38,1913.21,"1913-3-15 00:00:00"
1913,4,-0.39,-0.5,-0.28,1913.29,"1913-4-15 00:00:00"
1913,5,-0.44,-0.55,-0.32,1913.38,"1913-5-15 00:00:00"
1913,6,-0.45,-0.5,-0.39,1913.46,"1913-6-15 00:00:00"
1913,7,-0.36,-0.52,-0.2,1913.54,"1913-7-15 00:00:00"
1913,8,-0.33,-0.46,-0.2,1913.62,"1913-8-15 00:00:00"
1913,9,-0.35,-0.43,-0.26,1913.71,"1913-9-15 00:00:00"
1913,10,-0.31,-0.39,-0.23,1913.79,"1913-10-15 00:00:00"
1913,11,-0.19,-0.14,-0.23,1913.88,"1913-11-15 00:00:00"
1913,12,-0.01,0.12,-0.13,1913.96,"1913-12-15 00:00:00"
1914,1,0.04,0.15,-0.07,1914.04,"1914-1-15 00:00:00"
1914,2,-0.09,-0.11,-0.08,1914.12,"1914-2-15 00:00:00"
1914,3,-0.23,-0.35,-0.11,1914.21,"1914-3-15 00:00:00"
1914,4,-0.29,-0.38,-0.19,1914.29,"1914-4-15 00:00:00"
1914,5,-0.21,-0.19,-0.23,1914.38,"1914-5-15 00:00:00"
1914,6,-0.26,-0.23,-0.27,1914.46,"1914-6-15 00:00:00"
1914,7,-0.24,-0.35,-0.13,1914.54,"1914-7-15 00:00:00"
1914,8,-0.16,-0.28,-0.04,1914.62,"1914-8-15 00:00:00"
1914,9,-0.17,-0.31,-0.03,1914.71,"1914-9-15 00:00:00"
1914,10,-0.03,-0.01,-0.04,1914.79,"1914-10-15 00:00:00"
1914,11,-0.15,-0.22,-0.06,1914.88,"1914-11-15 00:00:00"
1914,12,-0.03,-0.04,-0.01,1914.96,"1914-12-15 00:00:00"
1915,1,-0.19,-0.25,-0.12,1915.04,"1915-1-15 00:00:00"
1915,2,-0.03,-0.09,0.03,1915.12,"1915-2-15 00:00:00"
1915,3,-0.09,-0.23,0.05,1915.21,"1915-3-15 00:00:00"
1915,4,0.06,0.07,0.06,1915.29,"1915-4-15 00:00:00"
1915,5,-0.06,-0.01,-0.1,1915.38,"1915-5-15 00:00:00"
1915,6,-0.21,-0.12,-0.29,1915.46,"1915-6-15 00:00:00"
1915,7,-0.12,-0.09,-0.13,1915.54,"1915-7-15 00:00:00"
1915,8,-0.22,-0.16,-0.27,1915.62,"1915-8-15 00:00:00"
1915,9,-0.2,-0.21,-0.19,1915.71,"1915-9-15 00:00:00"
1915,10,-0.24,-0.27,-0.2,1915.79,"1915-10-15 00:00:00"
1915,11,-0.12,-0.03,-0.22,1915.88,"1915-11-15 00:00:00"
1915,12,-0.21,-0.25,-0.17,1915.96,"1915-12-15 00:00:00"
1916,1,-0.12,-0.09,-0.15,1916.04,"1916-1-15 00:00:00"
1916,2,-0.14,-0.16,-0.12,1916.12,"1916-2-15 00:00:00"
1916,3,-0.28,-0.39,-0.17,1916.21,"1916-3-15 00:00:00"
1916,4,-0.3,-0.34,-0.26,1916.29,"1916-4-15 00:00:00"
1916,5,-0.34,-0.36,-0.33,1916.38,"1916-5-15 00:00:00"
1916,6,-0.49,-0.5,-0.47,1916.46,"1916-6-15 00:00:00"
1916,7,-0.37,-0.34,-0.4,1916.54,"1916-7-15 00:00:00"
1916,8,-0.28,-0.37,-0.2,1916.62,"1916-8-15 00:00:00"
1916,9,-0.36,-0.49,-0.24,1916.71,"1916-9-15 00:00:00"
1916,10,-0.33,-0.35,-0.32,1916.79,"1916-10-15 00:00:00"
1916,11,-0.46,-0.47,-0.47,1916.88,"1916-11-15 00:00:00"
1916,12,-0.82,-1.14,-0.51,1916.96,"1916-12-15 00:00:00"
1917,1,-0.57,-0.54,-0.62,1917.04,"1917-1-15 00:00:00"
1917,2,-0.63,-0.7,-0.59,1917.12,"1917-2-15 00:00:00"
1917,3,-0.63,-0.75,-0.53,1917.21,"1917-3-15 00:00:00"
1917,4,-0.54,-0.65,-0.46,1917.29,"1917-4-15 00:00:00"
1917,5,-0.55,-0.73,-0.38,1917.38,"1917-5-15 00:00:00"
1917,6,-0.43,-0.49,-0.38,1917.46,"1917-6-15 00:00:00"
1917,7,-0.25,-0.32,-0.19,1917.54,"1917-7-15 00:00:00"
1917,8,-0.22,-0.4,-0.06,1917.62,"1917-8-15 00:00:00"
1917,9,-0.23,-0.31,-0.16,1917.71,"1917-9-15 00:00:00"
1917,10,-0.44,-0.63,-0.26,1917.79,"1917-10-15 00:00:00"
1917,11,-0.33,-0.32,-0.35,1917.88,"1917-11-15 00:00:00"
1917,12,-0.66,-1.05,-0.28,1917.96,"1917-12-15 00:00:00"
1918,1,-0.46,-0.69,-0.26,1918.04,"1918-1-15 00:00:00"
1918,2,-0.34,-0.46,-0.23,1918.12,"1918-2-15 00:00:00"
1918,3,-0.24,-0.25,-0.25,1918.21,"1918-3-15 00:00:00"
1918,4,-0.43,-0.59,-0.29,1918.29,"1918-4-15 00:00:00"
1918,5,-0.43,-0.49,-0.37,1918.38,"1918-5-15 00:00:00"
1918,6,-0.36,-0.45,-0.28,1918.46,"1918-6-15 00:00:00"
1918,7,-0.31,-0.34,-0.28,1918.54,"1918-7-15 00:00:00"
1918,8,-0.31,-0.37,-0.25,1918.62,"1918-8-15 00:00:00"
1918,9,-0.17,-0.26,-0.09,1918.71,"1918-9-15 00:00:00"
1918,10,-0.06,-0.04,-0.06,1918.79,"1918-10-15 00:00:00"
1918,11,-0.11,-0.22,0.03,1918.88,"1918-11-15 00:00:00"
1918,12,-0.29,-0.56,0,1918.96,"1918-12-15 00:00:00"
1919,1,-0.2,-0.38,0,1919.04,"1919-1-15 00:00:00"
1919,2,-0.24,-0.42,-0.05,1919.12,"1919-2-15 00:00:00"
1919,3,-0.21,-0.38,-0.02,1919.21,"1919-3-15 00:00:00"
1919,4,-0.12,-0.24,-0.01,1919.29,"1919-4-15 00:00:00"
1919,5,-0.28,-0.43,-0.13,1919.38,"1919-5-15 00:00:00"
1919,6,-0.36,-0.39,-0.32,1919.46,"1919-6-15 00:00:00"
1919,7,-0.29,-0.33,-0.25,1919.54,"1919-7-15 00:00:00"
1919,8,-0.32,-0.3,-0.37,1919.62,"1919-8-15 00:00:00"
1919,9,-0.25,-0.19,-0.31,1919.71,"1919-9-15 00:00:00"
1919,10,-0.2,-0.09,-0.31,1919.79,"1919-10-15 00:00:00"
1919,11,-0.41,-0.47,-0.34,1919.88,"1919-11-15 00:00:00"
1919,12,-0.41,-0.55,-0.27,1919.96,"1919-12-15 00:00:00"
1920,1,-0.24,-0.15,-0.33,1920.04,"1920-1-15 00:00:00"
1920,2,-0.26,-0.29,-0.23,1920.12,"1920-2-15 00:00:00"
1920,3,-0.12,0,-0.24,1920.21,"1920-3-15 00:00:00"
1920,4,-0.24,-0.2,-0.27,1920.29,"1920-4-15 00:00:00"
1920,5,-0.26,-0.21,-0.32,1920.38,"1920-5-15 00:00:00"
1920,6,-0.35,-0.25,-0.44,1920.46,"1920-6-15 00:00:00"
1920,7,-0.3,-0.25,-0.34,1920.54,"1920-7-15 00:00:00"
1920,8,-0.26,-0.32,-0.2,1920.62,"1920-8-15 00:00:00"
1920,9,-0.22,-0.35,-0.08,1920.71,"1920-9-15 00:00:00"
1920,10,-0.27,-0.4,-0.13,1920.79,"1920-10-15 00:00:00"
1920,11,-0.26,-0.46,-0.07,1920.88,"1920-11-15 00:00:00"
1920,12,-0.46,-0.71,-0.2,1920.96,"1920-12-15 00:00:00"
1921,1,-0.04,0.18,-0.28,1921.04,"1921-1-15 00:00:00"
1921,2,-0.17,-0.09,-0.27,1921.12,"1921-2-15 00:00:00"
1921,3,-0.23,-0.12,-0.36,1921.21,"1921-3-15 00:00:00"
1921,4,-0.3,-0.18,-0.43,1921.29,"1921-4-15 00:00:00"
1921,5,-0.3,-0.25,-0.35,1921.38,"1921-5-15 00:00:00"
1921,6,-0.27,-0.15,-0.38,1921.46,"1921-6-15 00:00:00"
1921,7,-0.15,-0.03,-0.26,1921.54,"1921-7-15 00:00:00"
1921,8,-0.26,-0.29,-0.21,1921.62,"1921-8-15 00:00:00"
1921,9,-0.19,-0.18,-0.19,1921.71,"1921-9-15 00:00:00"
1921,10,-0.03,0,-0.05,1921.79,"1921-10-15 00:00:00"
1921,11,-0.13,-0.09,-0.16,1921.88,"1921-11-15 00:00:00"
1921,12,-0.17,-0.13,-0.21,1921.96,"1921-12-15 00:00:00"
1922,1,-0.32,-0.37,-0.27,1922.04,"1922-1-15 00:00:00"
1922,2,-0.44,-0.62,-0.25,1922.12,"1922-2-15 00:00:00"
1922,3,-0.14,-0.11,-0.19,1922.21,"1922-3-15 00:00:00"
1922,4,-0.23,-0.16,-0.3,1922.29,"1922-4-15 00:00:00"
1922,5,-0.33,-0.19,-0.47,1922.38,"1922-5-15 00:00:00"
1922,6,-0.3,-0.16,-0.45,1922.46,"1922-6-15 00:00:00"
1922,7,-0.27,-0.28,-0.28,1922.54,"1922-7-15 00:00:00"
1922,8,-0.32,-0.36,-0.29,1922.62,"1922-8-15 00:00:00"
1922,9,-0.36,-0.43,-0.29,1922.71,"1922-9-15 00:00:00"
1922,10,-0.33,-0.33,-0.33,1922.79,"1922-10-15 00:00:00"
1922,11,-0.14,-0.13,-0.17,1922.88,"1922-11-15 00:00:00"
1922,12,-0.18,-0.14,-0.23,1922.96,"1922-12-15 00:00:00"
1923,1,-0.28,-0.19,-0.37,1923.04,"1923-1-15 00:00:00"
1923,2,-0.39,-0.47,-0.32,1923.12,"1923-2-15 00:00:00"
1923,3,-0.34,-0.39,-0.29,1923.21,"1923-3-15 00:00:00"
1923,4,-0.4,-0.53,-0.28,1923.29,"1923-4-15 00:00:00"
1923,5,-0.33,-0.39,-0.28,1923.38,"1923-5-15 00:00:00"
1923,6,-0.29,-0.24,-0.34,1923.46,"1923-6-15 00:00:00"
1923,7,-0.31,-0.29,-0.32,1923.54,"1923-7-15 00:00:00"
1923,8,-0.33,-0.27,-0.38,1923.62,"1923-8-15 00:00:00"
1923,9,-0.31,-0.17,-0.44,1923.71,"1923-9-15 00:00:00"
1923,10,-0.13,0.06,-0.32,1923.79,"1923-10-15 00:00:00"
1923,11,-0.02,0.16,-0.19,1923.88,"1923-11-15 00:00:00"
1923,12,-0.04,0.09,-0.16,1923.96,"1923-12-15 00:00:00"
1924,1,-0.23,-0.29,-0.16,1924.04,"1924-1-15 00:00:00"
1924,2,-0.24,-0.21,-0.25,1924.12,"1924-2-15 00:00:00"
1924,3,-0.08,0.03,-0.18,1924.21,"1924-3-15 00:00:00"
1924,4,-0.31,-0.28,-0.33,1924.29,"1924-4-15 00:00:00"
1924,5,-0.18,-0.06,-0.3,1924.38,"1924-5-15 00:00:00"
1924,6,-0.26,-0.19,-0.32,1924.46,"1924-6-15 00:00:00"
1924,7,-0.29,-0.22,-0.35,1924.54,"1924-7-15 00:00:00"
1924,8,-0.36,-0.26,-0.45,1924.62,"1924-8-15 00:00:00"
1924,9,-0.32,-0.22,-0.41,1924.71,"1924-9-15 00:00:00"
1924,10,-0.35,-0.24,-0.47,1924.79,"1924-10-15 00:00:00"
1924,11,-0.21,0.1,-0.52,1924.88,"1924-11-15 00:00:00"
1924,12,-0.43,-0.36,-0.5,1924.96,"1924-12-15 00:00:00"
1925,1,-0.39,-0.29,-0.5,1925.04,"1925-1-15 00:00:00"
1925,2,-0.4,-0.39,-0.43,1925.12,"1925-2-15 00:00:00"
1925,3,-0.28,-0.23,-0.33,1925.21,"1925-3-15 00:00:00"
1925,4,-0.25,-0.16,-0.35,1925.29,"1925-4-15 00:00:00"
1925,5,-0.29,-0.22,-0.36,1925.38,"1925-5-15 00:00:00"
1925,6,-0.32,-0.25,-0.38,1925.46,"1925-6-15 00:00:00"
1925,7,-0.26,-0.25,-0.27,1925.54,"1925-7-15 00:00:00"
1925,8,-0.2,-0.19,-0.2,1925.62,"1925-8-15 00:00:00"
1925,9,-0.2,-0.05,-0.34,1925.71,"1925-9-15 00:00:00"
1925,10,-0.17,-0.08,-0.24,1925.79,"1925-10-15 00:00:00"
1925,11,0.05,0.22,-0.11,1925.88,"1925-11-15 00:00:00"
1925,12,0.06,0.22,-0.08,1925.96,"1925-12-15 00:00:00"
1926,1,0.2,0.53,-0.11,1926.04,"1926-1-15 00:00:00"
1926,2,0.02,0.19,-0.13,1926.12,"1926-2-15 00:00:00"
1926,3,0.1,0.37,-0.15,1926.21,"1926-3-15 00:00:00"
1926,4,-0.12,-0.12,-0.11,1926.29,"1926-4-15 00:00:00"
1926,5,-0.24,-0.23,-0.22,1926.38,"1926-5-15 00:00:00"
1926,6,-0.26,-0.2,-0.29,1926.46,"1926-6-15 00:00:00"
1926,7,-0.27,-0.2,-0.33,1926.54,"1926-7-15 00:00:00"
1926,8,-0.13,-0.06,-0.19,1926.62,"1926-8-15 00:00:00"
1926,9,-0.14,-0.02,-0.24,1926.71,"1926-9-15 00:00:00"
1926,10,-0.11,0.07,-0.27,1926.79,"1926-10-15 00:00:00"
1926,11,-0.06,0.17,-0.27,1926.88,"1926-11-15 00:00:00"
1926,12,-0.29,-0.29,-0.28,1926.96,"1926-12-15 00:00:00"
1927,1,-0.27,-0.29,-0.25,1927.04,"1927-1-15 00:00:00"
1927,2,-0.18,-0.08,-0.27,1927.12,"1927-2-15 00:00:00"
1927,3,-0.39,-0.47,-0.3,1927.21,"1927-3-15 00:00:00"
1927,4,-0.3,-0.26,-0.34,1927.29,"1927-4-15 00:00:00"
1927,5,-0.25,-0.13,-0.38,1927.38,"1927-5-15 00:00:00"
1927,6,-0.27,-0.13,-0.4,1927.46,"1927-6-15 00:00:00"
1927,7,-0.19,-0.08,-0.3,1927.54,"1927-7-15 00:00:00"
1927,8,-0.24,-0.16,-0.31,1927.62,"1927-8-15 00:00:00"
1927,9,-0.13,0.03,-0.27,1927.71,"1927-9-15 00:00:00"
1927,10,-0.01,0.24,-0.25,1927.79,"1927-10-15 00:00:00"
1927,11,-0.06,0.09,-0.19,1927.88,"1927-11-15 00:00:00"
1927,12,-0.33,-0.37,-0.26,1927.96,"1927-12-15 00:00:00"
1928,1,-0.01,0.27,-0.28,1928.04,"1928-1-15 00:00:00"
1928,2,-0.09,0.09,-0.26,1928.12,"1928-2-15 00:00:00"
1928,3,-0.25,-0.23,-0.26,1928.21,"1928-3-15 00:00:00"
1928,4,-0.28,-0.31,-0.23,1928.29,"1928-4-15 00:00:00"
1928,5,-0.3,-0.17,-0.41,1928.38,"1928-5-15 00:00:00"
1928,6,-0.38,-0.32,-0.44,1928.46,"1928-6-15 00:00:00"
1928,7,-0.19,-0.11,-0.28,1928.54,"1928-7-15 00:00:00"
1928,8,-0.22,-0.19,-0.26,1928.62,"1928-8-15 00:00:00"
1928,9,-0.22,-0.16,-0.27,1928.71,"1928-9-15 00:00:00"
1928,10,-0.19,-0.08,-0.29,1928.79,"1928-10-15 00:00:00"
1928,11,-0.08,0.06,-0.22,1928.88,"1928-11-15 00:00:00"
1928,12,-0.16,-0.04,-0.29,1928.96,"1928-12-15 00:00:00"
1929,1,-0.45,-0.56,-0.33,1929.04,"1929-1-15 00:00:00"
1929,2,-0.59,-0.8,-0.36,1929.12,"1929-2-15 00:00:00"
1929,3,-0.33,-0.19,-0.46,1929.21,"1929-3-15 00:00:00"
1929,4,-0.41,-0.35,-0.47,1929.29,"1929-4-15 00:00:00"
1929,5,-0.38,-0.28,-0.48,1929.38,"1929-5-15 00:00:00"
1929,6,-0.43,-0.39,-0.47,1929.46,"1929-6-15 00:00:00"
1929,7,-0.37,-0.35,-0.38,1929.54,"1929-7-15 00:00:00"
1929,8,-0.32,-0.19,-0.43,1929.62,"1929-8-15 00:00:00"
1929,9,-0.25,-0.2,-0.3,1929.71,"1929-9-15 00:00:00"
1929,10,-0.14,-0.01,-0.27,1929.79,"1929-10-15 00:00:00"
1929,11,-0.11,-0.02,-0.18,1929.88,"1929-11-15 00:00:00"
1929,12,-0.54,-0.65,-0.41,1929.96,"1929-12-15 00:00:00"
1930,1,-0.29,-0.11,-0.47,1930.04,"1930-1-15 00:00:00"
1930,2,-0.27,-0.2,-0.34,1930.12,"1930-2-15 00:00:00"
1930,3,-0.11,0.11,-0.33,1930.21,"1930-3-15 00:00:00"
1930,4,-0.25,-0.16,-0.33,1930.29,"1930-4-15 00:00:00"
1930,5,-0.24,-0.2,-0.28,1930.38,"1930-5-15 00:00:00"
1930,6,-0.22,-0.12,-0.31,1930.46,"1930-6-15 00:00:00"
1930,7,-0.21,-0.03,-0.36,1930.54,"1930-7-15 00:00:00"
1930,8,-0.15,0.02,-0.29,1930.62,"1930-8-15 00:00:00"
1930,9,-0.15,-0.02,-0.27,1930.71,"1930-9-15 00:00:00"
1930,10,-0.11,0.02,-0.23,1930.79,"1930-10-15 00:00:00"
1930,11,0.18,0.45,-0.06,1930.88,"1930-11-15 00:00:00"
1930,12,-0.05,0.09,-0.16,1930.96,"1930-12-15 00:00:00"
1931,1,-0.1,0.02,-0.18,1931.04,"1931-1-15 00:00:00"
1931,2,-0.2,-0.22,-0.15,1931.12,"1931-2-15 00:00:00"
1931,3,-0.1,-0.05,-0.12,1931.21,"1931-3-15 00:00:00"
1931,4,-0.22,-0.19,-0.22,1931.29,"1931-4-15 00:00:00"
1931,5,-0.19,-0.13,-0.22,1931.38,"1931-5-15 00:00:00"
1931,6,-0.08,0.15,-0.28,1931.46,"1931-6-15 00:00:00"
1931,7,-0.03,0.08,-0.14,1931.54,"1931-7-15 00:00:00"
1931,8,-0.03,0.09,-0.15,1931.62,"1931-8-15 00:00:00"
1931,9,-0.07,0.17,-0.29,1931.71,"1931-9-15 00:00:00"
1931,10,0.05,0.36,-0.25,1931.79,"1931-10-15 00:00:00"
1931,11,-0.05,0.26,-0.35,1931.88,"1931-11-15 00:00:00"
1931,12,-0.05,0.1,-0.2,1931.96,"1931-12-15 00:00:00"
1932,1,0.15,0.39,-0.09,1932.04,"1932-1-15 00:00:00"
1932,2,-0.17,-0.19,-0.16,1932.12,"1932-2-15 00:00:00"
1932,3,-0.18,-0.2,-0.16,1932.21,"1932-3-15 00:00:00"
1932,4,-0.05,0.1,-0.2,1932.29,"1932-4-15 00:00:00"
1932,5,-0.17,-0.09,-0.25,1932.38,"1932-5-15 00:00:00"
1932,6,-0.28,-0.14,-0.41,1932.46,"1932-6-15 00:00:00"
1932,7,-0.25,-0.14,-0.34,1932.54,"1932-7-15 00:00:00"
1932,8,-0.21,-0.07,-0.34,1932.62,"1932-8-15 00:00:00"
1932,9,-0.1,0.11,-0.31,1932.71,"1932-9-15 00:00:00"
1932,10,-0.09,0.15,-0.31,1932.79,"1932-10-15 00:00:00"
1932,11,-0.27,-0.32,-0.21,1932.88,"1932-11-15 00:00:00"
1932,12,-0.25,-0.2,-0.3,1932.96,"1932-12-15 00:00:00"
1933,1,-0.23,-0.18,-0.26,1933.04,"1933-1-15 00:00:00"
1933,2,-0.29,-0.3,-0.27,1933.12,"1933-2-15 00:00:00"
1933,3,-0.29,-0.31,-0.27,1933.21,"1933-3-15 00:00:00"
1933,4,-0.24,-0.16,-0.31,1933.29,"1933-4-15 00:00:00"
1933,5,-0.29,-0.26,-0.32,1933.38,"1933-5-15 00:00:00"
1933,6,-0.34,-0.31,-0.37,1933.46,"1933-6-15 00:00:00"
1933,7,-0.21,-0.13,-0.3,1933.54,"1933-7-15 00:00:00"
1933,8,-0.23,-0.14,-0.32,1933.62,"1933-8-15 00:00:00"
1933,9,-0.29,-0.27,-0.31,1933.71,"1933-9-15 00:00:00"
1933,10,-0.25,-0.17,-0.33,1933.79,"1933-10-15 00:00:00"
1933,11,-0.3,-0.24,-0.37,1933.88,"1933-11-15 00:00:00"
1933,12,-0.44,-0.54,-0.35,1933.96,"1933-12-15 00:00:00"
1934,1,-0.21,-0.15,-0.3,1934.04,"1934-1-15 00:00:00"
1934,2,-0.03,0.33,-0.4,1934.12,"1934-2-15 00:00:00"
1934,3,-0.29,-0.27,-0.33,1934.21,"1934-3-15 00:00:00"
1934,4,-0.3,-0.29,-0.33,1934.29,"1934-4-15 00:00:00"
1934,5,-0.09,0.08,-0.27,1934.38,"1934-5-15 00:00:00"
1934,6,-0.15,-0.01,-0.28,1934.46,"1934-6-15 00:00:00"
1934,7,-0.11,-0.03,-0.17,1934.54,"1934-7-15 00:00:00"
1934,8,-0.12,-0.09,-0.15,1934.62,"1934-8-15 00:00:00"
1934,9,-0.15,-0.14,-0.17,1934.71,"1934-9-15 00:00:00"
1934,10,-0.06,0.13,-0.25,1934.79,"1934-10-15 00:00:00"
1934,11,0.04,0.27,-0.2,1934.88,"1934-11-15 00:00:00"
1934,12,-0.02,0.18,-0.22,1934.96,"1934-12-15 00:00:00"
1935,1,-0.33,-0.39,-0.27,1935.04,"1935-1-15 00:00:00"
1935,2,0.14,0.56,-0.3,1935.12,"1935-2-15 00:00:00"
1935,3,-0.14,0.03,-0.32,1935.21,"1935-3-15 00:00:00"
1935,4,-0.37,-0.35,-0.38,1935.29,"1935-4-15 00:00:00"
1935,5,-0.29,-0.29,-0.3,1935.38,"1935-5-15 00:00:00"
1935,6,-0.27,-0.15,-0.39,1935.46,"1935-6-15 00:00:00"
1935,7,-0.22,-0.04,-0.38,1935.54,"1935-7-15 00:00:00"
1935,8,-0.22,-0.06,-0.37,1935.62,"1935-8-15 00:00:00"
1935,9,-0.22,-0.06,-0.35,1935.71,"1935-9-15 00:00:00"
1935,10,-0.05,0.12,-0.22,1935.79,"1935-10-15 00:00:00"
1935,11,-0.26,-0.32,-0.18,1935.88,"1935-11-15 00:00:00"
1935,12,-0.17,-0.17,-0.16,1935.96,"1935-12-15 00:00:00"
1936,1,-0.27,-0.29,-0.26,1936.04,"1936-1-15 00:00:00"
1936,2,-0.38,-0.51,-0.25,1936.12,"1936-2-15 00:00:00"
1936,3,-0.21,-0.13,-0.3,1936.21,"1936-3-15 00:00:00"
1936,4,-0.2,-0.06,-0.33,1936.29,"1936-4-15 00:00:00"
1936,5,-0.17,-0.01,-0.32,1936.38,"1936-5-15 00:00:00"
1936,6,-0.22,0.04,-0.47,1936.46,"1936-6-15 00:00:00"
1936,7,-0.1,0.09,-0.29,1936.54,"1936-7-15 00:00:00"
1936,8,-0.13,0.03,-0.28,1936.62,"1936-8-15 00:00:00"
1936,9,-0.09,0.07,-0.25,1936.71,"1936-9-15 00:00:00"
1936,10,-0.03,0.07,-0.13,1936.79,"1936-10-15 00:00:00"
1936,11,0.01,0.14,-0.12,1936.88,"1936-11-15 00:00:00"
1936,12,-0.01,0.15,-0.18,1936.96,"1936-12-15 00:00:00"
1937,1,-0.07,0.08,-0.24,1937.04,"1937-1-15 00:00:00"
1937,2,0.03,0.24,-0.18,1937.12,"1937-2-15 00:00:00"
1937,3,-0.2,-0.23,-0.18,1937.21,"1937-3-15 00:00:00"
1937,4,-0.16,-0.07,-0.24,1937.29,"1937-4-15 00:00:00"
1937,5,-0.05,0.13,-0.23,1937.38,"1937-5-15 00:00:00"
1937,6,-0.05,0.15,-0.24,1937.46,"1937-6-15 00:00:00"
1937,7,-0.04,0.15,-0.21,1937.54,"1937-7-15 00:00:00"
1937,8,0.02,0.16,-0.11,1937.62,"1937-8-15 00:00:00"
1937,9,0.09,0.29,-0.1,1937.71,"1937-9-15 00:00:00"
1937,10,0.09,0.34,-0.16,1937.79,"1937-10-15 00:00:00"
1937,11,0.09,0.25,-0.07,1937.88,"1937-11-15 00:00:00"
1937,12,-0.07,0,-0.14,1937.96,"1937-12-15 00:00:00"
1938,1,0.08,0.35,-0.19,1938.04,"1938-1-15 00:00:00"
1938,2,0.03,0.28,-0.21,1938.12,"1938-2-15 00:00:00"
1938,3,0.09,0.33,-0.16,1938.21,"1938-3-15 00:00:00"
1938,4,0.06,0.31,-0.2,1938.29,"1938-4-15 00:00:00"
1938,5,-0.1,0.03,-0.23,1938.38,"1938-5-15 00:00:00"
1938,6,-0.17,-0.07,-0.28,1938.46,"1938-6-15 00:00:00"
1938,7,-0.09,-0.02,-0.18,1938.54,"1938-7-15 00:00:00"
1938,8,-0.05,0.08,-0.21,1938.62,"1938-8-15 00:00:00"
1938,9,0,0.15,-0.16,1938.71,"1938-9-15 00:00:00"
1938,10,0.15,0.32,-0.05,1938.79,"1938-10-15 00:00:00"
1938,11,0.08,0.31,-0.17,1938.88,"1938-11-15 00:00:00"
1938,12,-0.13,-0.14,-0.13,1938.96,"1938-12-15 00:00:00"
1939,1,-0.05,0.03,-0.15,1939.04,"1939-1-15 00:00:00"
1939,2,-0.06,-0.01,-0.13,1939.12,"1939-2-15 00:00:00"
1939,3,-0.17,-0.24,-0.12,1939.21,"1939-3-15 00:00:00"
1939,4,-0.09,-0.07,-0.13,1939.29,"1939-4-15 00:00:00"
1939,5,-0.04,0.01,-0.1,1939.38,"1939-5-15 00:00:00"
1939,6,-0.07,0,-0.14,1939.46,"1939-6-15 00:00:00"
1939,7,-0.05,0.05,-0.15,1939.54,"1939-7-15 00:00:00"
1939,8,-0.06,0.08,-0.18,1939.62,"1939-8-15 00:00:00"
1939,9,-0.07,0.13,-0.26,1939.71,"1939-9-15 00:00:00"
1939,10,-0.03,0.08,-0.15,1939.79,"1939-10-15 00:00:00"
1939,11,0.08,0.25,-0.09,1939.88,"1939-11-15 00:00:00"
1939,12,0.44,0.79,0.1,1939.96,"1939-12-15 00:00:00"
1940,1,0,-0.1,0.12,1940.04,"1940-1-15 00:00:00"
1940,2,0.09,0.14,0.04,1940.12,"1940-2-15 00:00:00"
1940,3,0.1,0.04,0.17,1940.21,"1940-3-15 00:00:00"
1940,4,0.18,0.28,0.09,1940.29,"1940-4-15 00:00:00"
1940,5,0.11,0.17,0.07,1940.38,"1940-5-15 00:00:00"
1940,6,0.12,0.17,0.07,1940.46,"1940-6-15 00:00:00"
1940,7,0.12,0.16,0.1,1940.54,"1940-7-15 00:00:00"
1940,8,0.07,0.08,0.09,1940.62,"1940-8-15 00:00:00"
1940,9,0.16,0.27,0.07,1940.71,"1940-9-15 00:00:00"
1940,10,0.12,0.29,-0.03,1940.79,"1940-10-15 00:00:00"
1940,11,0.17,0.31,0.06,1940.88,"1940-11-15 00:00:00"
1940,12,0.32,0.37,0.3,1940.96,"1940-12-15 00:00:00"
1941,1,0.19,0.18,0.21,1941.04,"1941-1-15 00:00:00"
1941,2,0.31,0.47,0.17,1941.12,"1941-2-15 00:00:00"
1941,3,0.1,0.12,0.1,1941.21,"1941-3-15 00:00:00"
1941,4,0.17,0.13,0.23,1941.29,"1941-4-15 00:00:00"
1941,5,0.17,0.24,0.14,1941.38,"1941-5-15 00:00:00"
1941,6,0.13,0.21,0.08,1941.46,"1941-6-15 00:00:00"
1941,7,0.22,0.25,0.21,1941.54,"1941-7-15 00:00:00"
1941,8,0.15,0.19,0.14,1941.62,"1941-8-15 00:00:00"
1941,9,0.02,0.1,-0.03,1941.71,"1941-9-15 00:00:00"
1941,10,0.35,0.5,0.23,1941.79,"1941-10-15 00:00:00"
1941,11,0.23,0.18,0.3,1941.88,"1941-11-15 00:00:00"
1941,12,0.22,0.2,0.26,1941.96,"1941-12-15 00:00:00"
1942,1,0.3,0.41,0.19,1942.04,"1942-1-15 00:00:00"
1942,2,0.03,-0.08,0.14,1942.12,"1942-2-15 00:00:00"
1942,3,0.05,0,0.12,1942.21,"1942-3-15 00:00:00"
1942,4,0.1,0.09,0.1,1942.29,"1942-4-15 00:00:00"
1942,5,0.11,0.17,0.06,1942.38,"1942-5-15 00:00:00"
1942,6,0.05,0.11,0,1942.46,"1942-6-15 00:00:00"
1942,7,0.01,0,0,1942.54,"1942-7-15 00:00:00"
1942,8,-0.03,-0.07,0,1942.62,"1942-8-15 00:00:00"
1942,9,-0.03,0.11,-0.16,1942.71,"1942-9-15 00:00:00"
1942,10,0.02,0.28,-0.26,1942.79,"1942-10-15 00:00:00"
1942,11,0.1,0.26,-0.08,1942.88,"1942-11-15 00:00:00"
1942,12,0.13,0.28,-0.04,1942.96,"1942-12-15 00:00:00"
1943,1,-0.01,-0.09,0.07,1943.04,"1943-1-15 00:00:00"
1943,2,0.17,0.38,-0.05,1943.12,"1943-2-15 00:00:00"
1943,3,-0.03,0,-0.08,1943.21,"1943-3-15 00:00:00"
1943,4,0.11,0.3,-0.1,1943.29,"1943-4-15 00:00:00"
1943,5,0.06,0.23,-0.1,1943.38,"1943-5-15 00:00:00"
1943,6,-0.05,-0.07,-0.04,1943.46,"1943-6-15 00:00:00"
1943,7,0.09,-0.02,0.18,1943.54,"1943-7-15 00:00:00"
1943,8,0.01,0.11,-0.08,1943.62,"1943-8-15 00:00:00"
1943,9,0.05,0.14,-0.04,1943.71,"1943-9-15 00:00:00"
1943,10,0.23,0.46,0,1943.79,"1943-10-15 00:00:00"
1943,11,0.2,0.36,0.04,1943.88,"1943-11-15 00:00:00"
1943,12,0.24,0.37,0.08,1943.96,"1943-12-15 00:00:00"
1944,1,0.36,0.63,0.09,1944.04,"1944-1-15 00:00:00"
1944,2,0.24,0.43,0.05,1944.12,"1944-2-15 00:00:00"
1944,3,0.26,0.31,0.21,1944.21,"1944-3-15 00:00:00"
1944,4,0.19,0.18,0.21,1944.29,"1944-4-15 00:00:00"
1944,5,0.18,0.24,0.14,1944.38,"1944-5-15 00:00:00"
1944,6,0.16,0.17,0.17,1944.46,"1944-6-15 00:00:00"
1944,7,0.18,0.14,0.23,1944.54,"1944-7-15 00:00:00"
1944,8,0.18,0.17,0.22,1944.62,"1944-8-15 00:00:00"
1944,9,0.28,0.36,0.21,1944.71,"1944-9-15 00:00:00"
1944,10,0.26,0.44,0.08,1944.79,"1944-10-15 00:00:00"
1944,11,0.11,0.19,0.03,1944.88,"1944-11-15 00:00:00"
1944,12,0.04,-0.01,0.09,1944.96,"1944-12-15 00:00:00"
1945,1,0.1,0.11,0.1,1945.04,"1945-1-15 00:00:00"
1945,2,0,-0.06,0.08,1945.12,"1945-2-15 00:00:00"
1945,3,0.06,0.09,0.03,1945.21,"1945-3-15 00:00:00"
1945,4,0.19,0.29,0.1,1945.29,"1945-4-15 00:00:00"
1945,5,0.05,0.08,0.04,1945.38,"1945-5-15 00:00:00"
1945,6,0.01,0.08,-0.05,1945.46,"1945-6-15 00:00:00"
1945,7,0.04,0.06,0.02,1945.54,"1945-7-15 00:00:00"
1945,8,0.26,0.28,0.26,1945.62,"1945-8-15 00:00:00"
1945,9,0.2,0.2,0.22,1945.71,"1945-9-15 00:00:00"
1945,10,0.18,0.24,0.13,1945.79,"1945-10-15 00:00:00"
1945,11,0.07,0.08,0.08,1945.88,"1945-11-15 00:00:00"
1945,12,-0.07,-0.21,0.09,1945.96,"1945-12-15 00:00:00"
1946,1,0.15,0.34,-0.03,1946.04,"1946-1-15 00:00:00"
1946,2,0.03,0.1,-0.03,1946.12,"1946-2-15 00:00:00"
1946,3,0.01,0.12,-0.09,1946.21,"1946-3-15 00:00:00"
1946,4,0.05,0.31,-0.2,1946.29,"1946-4-15 00:00:00"
1946,5,-0.07,0.03,-0.17,1946.38,"1946-5-15 00:00:00"
1946,6,-0.21,-0.05,-0.37,1946.46,"1946-6-15 00:00:00"
1946,7,-0.12,-0.04,-0.21,1946.54,"1946-7-15 00:00:00"
1946,8,-0.2,-0.09,-0.3,1946.62,"1946-8-15 00:00:00"
1946,9,-0.08,-0.03,-0.13,1946.71,"1946-9-15 00:00:00"
1946,10,-0.08,0.02,-0.18,1946.79,"1946-10-15 00:00:00"
1946,11,-0.05,0.07,-0.17,1946.88,"1946-11-15 00:00:00"
1946,12,-0.31,-0.45,-0.15,1946.96,"1946-12-15 00:00:00"
1947,1,-0.06,-0.04,-0.08,1947.04,"1947-1-15 00:00:00"
1947,2,-0.08,-0.03,-0.12,1947.12,"1947-2-15 00:00:00"
1947,3,0.06,0.29,-0.16,1947.21,"1947-3-15 00:00:00"
1947,4,0.06,0.22,-0.11,1947.29,"1947-4-15 00:00:00"
1947,5,-0.02,0.06,-0.09,1947.38,"1947-5-15 00:00:00"
1947,6,-0.02,0,-0.03,1947.46,"1947-6-15 00:00:00"
1947,7,-0.04,-0.03,-0.05,1947.54,"1947-7-15 00:00:00"
1947,8,-0.07,-0.05,-0.09,1947.62,"1947-8-15 00:00:00"
1947,9,-0.13,-0.01,-0.24,1947.71,"1947-9-15 00:00:00"
1947,10,0.07,0.41,-0.27,1947.79,"1947-10-15 00:00:00"
1947,11,0.03,0.19,-0.15,1947.88,"1947-11-15 00:00:00"
1947,12,-0.13,-0.04,-0.22,1947.96,"1947-12-15 00:00:00"
1948,1,0.07,0.31,-0.18,1948.04,"1948-1-15 00:00:00"
1948,2,-0.15,-0.15,-0.14,1948.12,"1948-2-15 00:00:00"
1948,3,-0.25,-0.28,-0.21,1948.21,"1948-3-15 00:00:00"
1948,4,-0.12,-0.03,-0.2,1948.29,"1948-4-15 00:00:00"
1948,5,-0.01,0.17,-0.18,1948.38,"1948-5-15 00:00:00"
1948,6,-0.05,0.04,-0.15,1948.46,"1948-6-15 00:00:00"
1948,7,-0.11,0.01,-0.23,1948.54,"1948-7-15 00:00:00"
1948,8,-0.12,0.02,-0.26,1948.62,"1948-8-15 00:00:00"
1948,9,-0.14,-0.03,-0.27,1948.71,"1948-9-15 00:00:00"
1948,10,-0.05,0.08,-0.19,1948.79,"1948-10-15 00:00:00"
1948,11,-0.13,0.03,-0.28,1948.88,"1948-11-15 00:00:00"
1948,12,-0.24,-0.4,-0.08,1948.96,"1948-12-15 00:00:00"
1949,1,0.06,0.22,-0.1,1949.04,"1949-1-15 00:00:00"
1949,2,-0.14,-0.1,-0.19,1949.12,"1949-2-15 00:00:00"
1949,3,-0.02,0.04,-0.08,1949.21,"1949-3-15 00:00:00"
1949,4,-0.11,-0.03,-0.19,1949.29,"1949-4-15 00:00:00"
1949,5,-0.1,0,-0.21,1949.38,"1949-5-15 00:00:00"
1949,6,-0.27,-0.2,-0.34,1949.46,"1949-6-15 00:00:00"
1949,7,-0.13,-0.12,-0.15,1949.54,"1949-7-15 00:00:00"
1949,8,-0.13,-0.05,-0.2,1949.62,"1949-8-15 00:00:00"
1949,9,-0.15,-0.1,-0.19,1949.71,"1949-9-15 00:00:00"
1949,10,-0.06,0.07,-0.2,1949.79,"1949-10-15 00:00:00"
1949,11,-0.1,0.04,-0.25,1949.88,"1949-11-15 00:00:00"
1949,12,-0.18,-0.14,-0.22,1949.96,"1949-12-15 00:00:00"
1950,1,-0.26,-0.29,-0.24,1950.04,"1950-1-15 00:00:00"
1950,2,-0.27,-0.27,-0.27,1950.12,"1950-2-15 00:00:00"
1950,3,-0.08,0.05,-0.22,1950.21,"1950-3-15 00:00:00"
1950,4,-0.21,-0.22,-0.2,1950.29,"1950-4-15 00:00:00"
1950,5,-0.11,-0.05,-0.19,1950.38,"1950-5-15 00:00:00"
1950,6,-0.05,-0.07,-0.05,1950.46,"1950-6-15 00:00:00"
1950,7,-0.09,-0.19,-0.01,1950.54,"1950-7-15 00:00:00"
1950,8,-0.16,-0.2,-0.12,1950.62,"1950-8-15 00:00:00"
1950,9,-0.12,-0.09,-0.15,1950.71,"1950-9-15 00:00:00"
1950,10,-0.2,-0.06,-0.35,1950.79,"1950-10-15 00:00:00"
1950,11,-0.34,-0.33,-0.34,1950.88,"1950-11-15 00:00:00"
1950,12,-0.21,-0.12,-0.32,1950.96,"1950-12-15 00:00:00"
1951,1,-0.34,-0.36,-0.33,1951.04,"1951-1-15 00:00:00"
1951,2,-0.41,-0.52,-0.32,1951.12,"1951-2-15 00:00:00"
1951,3,-0.2,-0.18,-0.22,1951.21,"1951-3-15 00:00:00"
1951,4,-0.14,0.07,-0.35,1951.29,"1951-4-15 00:00:00"
1951,5,0,0.17,-0.18,1951.38,"1951-5-15 00:00:00"
1951,6,-0.06,-0.02,-0.11,1951.46,"1951-6-15 00:00:00"
1951,7,-0.01,0.09,-0.09,1951.54,"1951-7-15 00:00:00"
1951,8,0.06,0.22,-0.1,1951.62,"1951-8-15 00:00:00"
1951,9,0.05,0.33,-0.21,1951.71,"1951-9-15 00:00:00"
1951,10,0.08,0.29,-0.11,1951.79,"1951-10-15 00:00:00"
1951,11,-0.01,0.08,-0.08,1951.88,"1951-11-15 00:00:00"
1951,12,0.16,0.38,-0.06,1951.96,"1951-12-15 00:00:00"
1952,1,0.11,0.17,0.07,1952.04,"1952-1-15 00:00:00"
1952,2,0.11,0.17,0.06,1952.12,"1952-2-15 00:00:00"
1952,3,-0.08,-0.22,0.06,1952.21,"1952-3-15 00:00:00"
1952,4,0.03,0.17,-0.1,1952.29,"1952-4-15 00:00:00"
1952,5,-0.03,0.15,-0.19,1952.38,"1952-5-15 00:00:00"
1952,6,-0.03,0.16,-0.22,1952.46,"1952-6-15 00:00:00"
1952,7,0.04,0.14,-0.05,1952.54,"1952-7-15 00:00:00"
1952,8,0.05,0.07,0.03,1952.62,"1952-8-15 00:00:00"
1952,9,0.07,0.14,-0.01,1952.71,"1952-9-15 00:00:00"
1952,10,0,-0.01,0.01,1952.79,"1952-10-15 00:00:00"
1952,11,-0.13,-0.21,-0.05,1952.88,"1952-11-15 00:00:00"
1952,12,-0.02,0.01,-0.03,1952.96,"1952-12-15 00:00:00"
1953,1,0.08,0.24,-0.08,1953.04,"1953-1-15 00:00:00"
1953,2,0.15,0.37,-0.07,1953.12,"1953-2-15 00:00:00"
1953,3,0.11,0.25,-0.03,1953.21,"1953-3-15 00:00:00"
1953,4,0.19,0.41,-0.01,1953.29,"1953-4-15 00:00:00"
1953,5,0.11,0.25,-0.01,1953.38,"1953-5-15 00:00:00"
1953,6,0.12,0.25,-0.01,1953.46,"1953-6-15 00:00:00"
1953,7,0.01,0.22,-0.19,1953.54,"1953-7-15 00:00:00"
1953,8,0.05,0.18,-0.07,1953.62,"1953-8-15 00:00:00"
1953,9,0.04,0.17,-0.08,1953.71,"1953-9-15 00:00:00"
1953,10,0.08,0.27,-0.1,1953.79,"1953-10-15 00:00:00"
1953,11,-0.03,0.08,-0.12,1953.88,"1953-11-15 00:00:00"
1953,12,0.05,0.22,-0.11,1953.96,"1953-12-15 00:00:00"
1954,1,-0.24,-0.24,-0.23,1954.04,"1954-1-15 00:00:00"
1954,2,-0.1,0,-0.19,1954.12,"1954-2-15 00:00:00"
1954,3,-0.15,-0.16,-0.13,1954.21,"1954-3-15 00:00:00"
1954,4,-0.14,-0.01,-0.27,1954.29,"1954-4-15 00:00:00"
1954,5,-0.2,-0.07,-0.34,1954.38,"1954-5-15 00:00:00"
1954,6,-0.18,-0.04,-0.34,1954.46,"1954-6-15 00:00:00"
1954,7,-0.19,-0.11,-0.29,1954.54,"1954-7-15 00:00:00"
1954,8,-0.17,-0.01,-0.34,1954.62,"1954-8-15 00:00:00"
1954,9,-0.1,0.09,-0.29,1954.71,"1954-9-15 00:00:00"
1954,10,-0.02,0.13,-0.19,1954.79,"1954-10-15 00:00:00"
1954,11,0.08,0.34,-0.2,1954.88,"1954-11-15 00:00:00"
1954,12,-0.18,-0.11,-0.26,1954.96,"1954-12-15 00:00:00"
1955,1,0.13,0.42,-0.17,1955.04,"1955-1-15 00:00:00"
1955,2,-0.16,-0.12,-0.2,1955.12,"1955-2-15 00:00:00"
1955,3,-0.32,-0.43,-0.22,1955.21,"1955-3-15 00:00:00"
1955,4,-0.22,-0.24,-0.21,1955.29,"1955-4-15 00:00:00"
1955,5,-0.2,-0.13,-0.29,1955.38,"1955-5-15 00:00:00"
1955,6,-0.14,-0.1,-0.19,1955.46,"1955-6-15 00:00:00"
1955,7,-0.12,-0.05,-0.2,1955.54,"1955-7-15 00:00:00"
1955,8,0.02,0.06,-0.05,1955.62,"1955-8-15 00:00:00"
1955,9,-0.11,-0.02,-0.22,1955.71,"1955-9-15 00:00:00"
1955,10,-0.05,0.12,-0.24,1955.79,"1955-10-15 00:00:00"
1955,11,-0.25,-0.34,-0.19,1955.88,"1955-11-15 00:00:00"
1955,12,-0.28,-0.28,-0.29,1955.96,"1955-12-15 00:00:00"
1956,1,-0.13,-0.04,-0.22,1956.04,"1956-1-15 00:00:00"
1956,2,-0.24,-0.32,-0.17,1956.12,"1956-2-15 00:00:00"
1956,3,-0.21,-0.23,-0.2,1956.21,"1956-3-15 00:00:00"
1956,4,-0.28,-0.26,-0.3,1956.29,"1956-4-15 00:00:00"
1956,5,-0.29,-0.3,-0.29,1956.38,"1956-5-15 00:00:00"
1956,6,-0.16,-0.2,-0.13,1956.46,"1956-6-15 00:00:00"
1956,7,-0.09,-0.2,-0.01,1956.54,"1956-7-15 00:00:00"
1956,8,-0.26,-0.28,-0.24,1956.62,"1956-8-15 00:00:00"
1956,9,-0.19,-0.32,-0.08,1956.71,"1956-9-15 00:00:00"
1956,10,-0.23,-0.28,-0.19,1956.79,"1956-10-15 00:00:00"
1956,11,-0.14,-0.25,-0.05,1956.88,"1956-11-15 00:00:00"
1956,12,-0.06,-0.1,-0.03,1956.96,"1956-12-15 00:00:00"
1957,1,-0.09,-0.14,-0.04,1957.04,"1957-1-15 00:00:00"
1957,2,-0.03,-0.06,-0.01,1957.12,"1957-2-15 00:00:00"
1957,3,-0.04,-0.1,0.02,1957.21,"1957-3-15 00:00:00"
1957,4,0.01,-0.09,0.12,1957.29,"1957-4-15 00:00:00"
1957,5,0.1,-0.06,0.25,1957.38,"1957-5-15 00:00:00"
1957,6,0.16,0.12,0.2,1957.46,"1957-6-15 00:00:00"
1957,7,0.03,0.11,-0.03,1957.54,"1957-7-15 00:00:00"
1957,8,0.13,0.16,0.1,1957.62,"1957-8-15 00:00:00"
1957,9,0.08,0.12,0.03,1957.71,"1957-9-15 00:00:00"
1957,10,0,0.06,-0.05,1957.79,"1957-10-15 00:00:00"
1957,11,0.07,0.12,0.03,1957.88,"1957-11-15 00:00:00"
1957,12,0.15,0.24,0.06,1957.96,"1957-12-15 00:00:00"
1958,1,0.39,0.68,0.09,1958.04,"1958-1-15 00:00:00"
1958,2,0.21,0.28,0.14,1958.12,"1958-2-15 00:00:00"
1958,3,0.09,0.16,0.02,1958.21,"1958-3-15 00:00:00"
1958,4,0.01,0.02,0.01,1958.29,"1958-4-15 00:00:00"
1958,5,0.05,0.12,-0.02,1958.38,"1958-5-15 00:00:00"
1958,6,-0.07,0.05,-0.18,1958.46,"1958-6-15 00:00:00"
1958,7,0.06,0.05,0.09,1958.54,"1958-7-15 00:00:00"
1958,8,-0.03,0.13,-0.19,1958.62,"1958-8-15 00:00:00"
1958,9,-0.02,0.07,-0.1,1958.71,"1958-9-15 00:00:00"
1958,10,0.04,0.08,0.01,1958.79,"1958-10-15 00:00:00"
1958,11,0.02,0.03,0.02,1958.88,"1958-11-15 00:00:00"
1958,12,0.01,0.18,-0.14,1958.96,"1958-12-15 00:00:00"
1959,1,0.08,0.24,-0.07,1959.04,"1959-1-15 00:00:00"
1959,2,0.07,0.16,-0.03,1959.12,"1959-2-15 00:00:00"
1959,3,0.17,0.33,0.02,1959.21,"1959-3-15 00:00:00"
1959,4,0.14,0.22,0.07,1959.29,"1959-4-15 00:00:00"
1959,5,0.05,0.04,0.07,1959.38,"1959-5-15 00:00:00"
1959,6,0.03,0.14,-0.08,1959.46,"1959-6-15 00:00:00"
1959,7,0.03,0.05,0.02,1959.54,"1959-7-15 00:00:00"
1959,8,0,0.09,-0.1,1959.62,"1959-8-15 00:00:00"
1959,9,-0.06,0.13,-0.25,1959.71,"1959-9-15 00:00:00"
1959,10,-0.06,-0.04,-0.07,1959.79,"1959-10-15 00:00:00"
1959,11,-0.08,0.02,-0.17,1959.88,"1959-11-15 00:00:00"
1959,12,0,0.09,-0.1,1959.96,"1959-12-15 00:00:00"
1960,1,0,0.15,-0.15,1960.04,"1960-1-15 00:00:00"
1960,2,0.15,0.42,-0.13,1960.12,"1960-2-15 00:00:00"
1960,3,-0.34,-0.4,-0.27,1960.21,"1960-3-15 00:00:00"
1960,4,-0.15,-0.13,-0.16,1960.29,"1960-4-15 00:00:00"
1960,5,-0.07,0.03,-0.18,1960.38,"1960-5-15 00:00:00"
1960,6,-0.04,0.19,-0.27,1960.46,"1960-6-15 00:00:00"
1960,7,-0.04,0.09,-0.16,1960.54,"1960-7-15 00:00:00"
1960,8,0.03,0.11,-0.05,1960.62,"1960-8-15 00:00:00"
1960,9,0.06,0.12,0.01,1960.71,"1960-9-15 00:00:00"
1960,10,0.05,0.05,0.05,1960.79,"1960-10-15 00:00:00"
1960,11,-0.11,-0.08,-0.12,1960.88,"1960-11-15 00:00:00"
1960,12,0.19,0.39,-0.01,1960.96,"1960-12-15 00:00:00"
1961,1,0.07,0.17,-0.03,1961.04,"1961-1-15 00:00:00"
1961,2,0.19,0.29,0.08,1961.12,"1961-2-15 00:00:00"
1961,3,0.1,0.22,-0.02,1961.21,"1961-3-15 00:00:00"
1961,4,0.12,0.14,0.09,1961.29,"1961-4-15 00:00:00"
1961,5,0.13,0.07,0.19,1961.38,"1961-5-15 00:00:00"
1961,6,0.11,0.18,0.05,1961.46,"1961-6-15 00:00:00"
1961,7,0.01,0.06,-0.04,1961.54,"1961-7-15 00:00:00"
1961,8,0.01,0.05,-0.04,1961.62,"1961-8-15 00:00:00"
1961,9,0.08,-0.03,0.18,1961.71,"1961-9-15 00:00:00"
1961,10,0.02,-0.04,0.07,1961.79,"1961-10-15 00:00:00"
1961,11,0.03,0.07,-0.01,1961.88,"1961-11-15 00:00:00"
1961,12,-0.16,-0.17,-0.15,1961.96,"1961-12-15 00:00:00"
1962,1,0.06,0.27,-0.17,1962.04,"1962-1-15 00:00:00"
1962,2,0.16,0.36,-0.05,1962.12,"1962-2-15 00:00:00"
1962,3,0.11,0.3,-0.09,1962.21,"1962-3-15 00:00:00"
1962,4,0.06,0.22,-0.1,1962.29,"1962-4-15 00:00:00"
1962,5,-0.07,0.02,-0.16,1962.38,"1962-5-15 00:00:00"
1962,6,0.05,-0.13,0.22,1962.46,"1962-6-15 00:00:00"
1962,7,0.02,0.1,-0.06,1962.54,"1962-7-15 00:00:00"
1962,8,-0.02,0.04,-0.07,1962.62,"1962-8-15 00:00:00"
1962,9,0.02,-0.02,0.06,1962.71,"1962-9-15 00:00:00"
1962,10,0.02,0.13,-0.09,1962.79,"1962-10-15 00:00:00"
1962,11,0.06,0.12,0,1962.88,"1962-11-15 00:00:00"
1962,12,-0.03,0.1,-0.15,1962.96,"1962-12-15 00:00:00"
1963,1,-0.03,0.07,-0.14,1963.04,"1963-1-15 00:00:00"
1963,2,0.18,0.5,-0.13,1963.12,"1963-2-15 00:00:00"
1963,3,-0.13,-0.12,-0.14,1963.21,"1963-3-15 00:00:00"
1963,4,-0.07,0.04,-0.19,1963.29,"1963-4-15 00:00:00"
1963,5,-0.06,-0.05,-0.06,1963.38,"1963-5-15 00:00:00"
1963,6,0.03,-0.04,0.1,1963.46,"1963-6-15 00:00:00"
1963,7,0.07,0.1,0.04,1963.54,"1963-7-15 00:00:00"
1963,8,0.22,0.14,0.3,1963.62,"1963-8-15 00:00:00"
1963,9,0.18,0.13,0.23,1963.71,"1963-9-15 00:00:00"
1963,10,0.14,0.42,-0.13,1963.79,"1963-10-15 00:00:00"
1963,11,0.14,0.43,-0.13,1963.88,"1963-11-15 00:00:00"
1963,12,-0.03,0.02,-0.07,1963.96,"1963-12-15 00:00:00"
1964,1,-0.09,-0.05,-0.12,1964.04,"1964-1-15 00:00:00"
1964,2,-0.1,-0.03,-0.17,1964.12,"1964-2-15 00:00:00"
1964,3,-0.22,-0.32,-0.11,1964.21,"1964-3-15 00:00:00"
1964,4,-0.32,-0.3,-0.33,1964.29,"1964-4-15 00:00:00"
1964,5,-0.25,-0.1,-0.4,1964.38,"1964-5-15 00:00:00"
1964,6,-0.05,-0.09,0,1964.46,"1964-6-15 00:00:00"
1964,7,-0.05,-0.13,0.02,1964.54,"1964-7-15 00:00:00"
1964,8,-0.21,-0.24,-0.19,1964.62,"1964-8-15 00:00:00"
1964,9,-0.3,-0.28,-0.31,1964.71,"1964-9-15 00:00:00"
1964,10,-0.31,-0.31,-0.31,1964.79,"1964-10-15 00:00:00"
1964,11,-0.22,-0.22,-0.22,1964.88,"1964-11-15 00:00:00"
1964,12,-0.3,-0.27,-0.33,1964.96,"1964-12-15 00:00:00"
1965,1,-0.08,-0.02,-0.14,1965.04,"1965-1-15 00:00:00"
1965,2,-0.17,-0.37,0.02,1965.12,"1965-2-15 00:00:00"
1965,3,-0.13,-0.09,-0.16,1965.21,"1965-3-15 00:00:00"
1965,4,-0.2,-0.26,-0.13,1965.29,"1965-4-15 00:00:00"
1965,5,-0.11,-0.14,-0.08,1965.38,"1965-5-15 00:00:00"
1965,6,-0.08,-0.2,0.04,1965.46,"1965-6-15 00:00:00"
1965,7,-0.14,-0.18,-0.1,1965.54,"1965-7-15 00:00:00"
1965,8,-0.05,-0.2,0.1,1965.62,"1965-8-15 00:00:00"
1965,9,-0.14,-0.2,-0.08,1965.71,"1965-9-15 00:00:00"
1965,10,-0.06,-0.02,-0.09,1965.79,"1965-10-15 00:00:00"
1965,11,-0.06,0.05,-0.16,1965.88,"1965-11-15 00:00:00"
1965,12,-0.08,-0.08,-0.07,1965.96,"1965-12-15 00:00:00"
1966,1,-0.19,-0.25,-0.12,1966.04,"1966-1-15 00:00:00"
1966,2,-0.05,0.03,-0.12,1966.12,"1966-2-15 00:00:00"
1966,3,0.03,0,0.07,1966.21,"1966-3-15 00:00:00"
1966,4,-0.14,-0.22,-0.05,1966.29,"1966-4-15 00:00:00"
1966,5,-0.12,-0.05,-0.18,1966.38,"1966-5-15 00:00:00"
1966,6,0,0.06,-0.06,1966.46,"1966-6-15 00:00:00"
1966,7,0.08,0.11,0.06,1966.54,"1966-7-15 00:00:00"
1966,8,-0.08,0.14,-0.29,1966.62,"1966-8-15 00:00:00"
1966,9,-0.03,0.06,-0.13,1966.71,"1966-9-15 00:00:00"
1966,10,-0.16,-0.1,-0.22,1966.79,"1966-10-15 00:00:00"
1966,11,-0.01,0.02,-0.04,1966.88,"1966-11-15 00:00:00"
1966,12,-0.03,-0.03,-0.02,1966.96,"1966-12-15 00:00:00"
1967,1,-0.08,-0.18,0.02,1967.04,"1967-1-15 00:00:00"
1967,2,-0.21,-0.37,-0.05,1967.12,"1967-2-15 00:00:00"
1967,3,0.05,0.23,-0.14,1967.21,"1967-3-15 00:00:00"
1967,4,-0.04,0.05,-0.13,1967.29,"1967-4-15 00:00:00"
1967,5,0.11,0.21,0.02,1967.38,"1967-5-15 00:00:00"
1967,6,-0.08,-0.06,-0.11,1967.46,"1967-6-15 00:00:00"
1967,7,0.03,0.04,0,1967.54,"1967-7-15 00:00:00"
1967,8,-0.01,0.06,-0.08,1967.62,"1967-8-15 00:00:00"
1967,9,-0.05,-0.03,-0.08,1967.71,"1967-9-15 00:00:00"
1967,10,0.1,0.3,-0.1,1967.79,"1967-10-15 00:00:00"
1967,11,-0.04,0.04,-0.12,1967.88,"1967-11-15 00:00:00"
1967,12,-0.05,0.02,-0.13,1967.96,"1967-12-15 00:00:00"
1968,1,-0.26,-0.29,-0.24,1968.04,"1968-1-15 00:00:00"
1968,2,-0.15,-0.16,-0.14,1968.12,"1968-2-15 00:00:00"
1968,3,0.2,0.44,-0.06,1968.21,"1968-3-15 00:00:00"
1968,4,-0.06,0,-0.12,1968.29,"1968-4-15 00:00:00"
1968,5,-0.13,-0.06,-0.21,1968.38,"1968-5-15 00:00:00"
1968,6,-0.07,-0.05,-0.1,1968.46,"1968-6-15 00:00:00"
1968,7,-0.12,-0.08,-0.16,1968.54,"1968-7-15 00:00:00"
1968,8,-0.08,-0.08,-0.08,1968.62,"1968-8-15 00:00:00"
1968,9,-0.17,-0.05,-0.29,1968.71,"1968-9-15 00:00:00"
1968,10,0.09,-0.01,0.18,1968.79,"1968-10-15 00:00:00"
1968,11,-0.05,-0.22,0.12,1968.88,"1968-11-15 00:00:00"
1968,12,-0.14,-0.33,0.05,1968.96,"1968-12-15 00:00:00"
1969,1,-0.11,-0.43,0.22,1969.04,"1969-1-15 00:00:00"
1969,2,-0.17,-0.46,0.13,1969.12,"1969-2-15 00:00:00"
1969,3,0.01,-0.2,0.22,1969.21,"1969-3-15 00:00:00"
1969,4,0.17,0.03,0.32,1969.29,"1969-4-15 00:00:00"
1969,5,0.18,0.11,0.26,1969.38,"1969-5-15 00:00:00"
1969,6,0.04,-0.04,0.14,1969.46,"1969-6-15 00:00:00"
1969,7,-0.04,0.06,-0.13,1969.54,"1969-7-15 00:00:00"
1969,8,0.04,0.05,0.04,1969.62,"1969-8-15 00:00:00"
1969,9,0.08,0.04,0.13,1969.71,"1969-9-15 00:00:00"
1969,10,0.1,0.03,0.17,1969.79,"1969-10-15 00:00:00"
1969,11,0.12,0.15,0.11,1969.88,"1969-11-15 00:00:00"
1969,12,0.24,0.3,0.19,1969.96,"1969-12-15 00:00:00"
1970,1,0.08,-0.03,0.2,1970.04,"1970-1-15 00:00:00"
1970,2,0.22,0.27,0.17,1970.12,"1970-2-15 00:00:00"
1970,3,0.06,-0.07,0.19,1970.21,"1970-3-15 00:00:00"
1970,4,0.05,-0.02,0.13,1970.29,"1970-4-15 00:00:00"
1970,5,-0.04,-0.01,-0.06,1970.38,"1970-5-15 00:00:00"
1970,6,-0.03,0.01,-0.06,1970.46,"1970-6-15 00:00:00"
1970,7,0.01,-0.04,0.06,1970.54,"1970-7-15 00:00:00"
1970,8,-0.1,-0.05,-0.15,1970.62,"1970-8-15 00:00:00"
1970,9,0.11,-0.05,0.26,1970.71,"1970-9-15 00:00:00"
1970,10,0.02,-0.2,0.24,1970.79,"1970-10-15 00:00:00"
1970,11,0.02,0.01,0.02,1970.88,"1970-11-15 00:00:00"
1970,12,-0.12,-0.31,0.06,1970.96,"1970-12-15 00:00:00"
1971,1,-0.03,-0.15,0.08,1971.04,"1971-1-15 00:00:00"
1971,2,-0.16,-0.21,-0.11,1971.12,"1971-2-15 00:00:00"
1971,3,-0.18,-0.28,-0.08,1971.21,"1971-3-15 00:00:00"
1971,4,-0.07,-0.2,0.06,1971.29,"1971-4-15 00:00:00"
1971,5,-0.05,-0.12,0.01,1971.38,"1971-5-15 00:00:00"
1971,6,-0.17,-0.14,-0.2,1971.46,"1971-6-15 00:00:00"
1971,7,-0.08,-0.13,-0.03,1971.54,"1971-7-15 00:00:00"
1971,8,-0.01,-0.16,0.13,1971.62,"1971-8-15 00:00:00"
1971,9,-0.06,-0.14,0.01,1971.71,"1971-9-15 00:00:00"
1971,10,-0.04,-0.16,0.06,1971.79,"1971-10-15 00:00:00"
1971,11,-0.07,-0.02,-0.13,1971.88,"1971-11-15 00:00:00"
1971,12,-0.09,-0.14,-0.04,1971.96,"1971-12-15 00:00:00"
1972,1,-0.22,-0.54,0.11,1972.04,"1972-1-15 00:00:00"
1972,2,-0.18,-0.52,0.17,1972.12,"1972-2-15 00:00:00"
1972,3,0.02,0.01,0.04,1972.21,"1972-3-15 00:00:00"
1972,4,0,-0.11,0.12,1972.29,"1972-4-15 00:00:00"
1972,5,-0.03,-0.15,0.09,1972.38,"1972-5-15 00:00:00"
1972,6,0.04,-0.1,0.19,1972.46,"1972-6-15 00:00:00"
1972,7,0.01,-0.05,0.08,1972.54,"1972-7-15 00:00:00"
1972,8,0.16,-0.08,0.4,1972.62,"1972-8-15 00:00:00"
1972,9,0.02,-0.26,0.3,1972.71,"1972-9-15 00:00:00"
1972,10,0.08,-0.04,0.2,1972.79,"1972-10-15 00:00:00"
1972,11,0.02,-0.19,0.25,1972.88,"1972-11-15 00:00:00"
1972,12,0.17,-0.04,0.39,1972.96,"1972-12-15 00:00:00"
1973,1,0.29,0.16,0.42,1973.04,"1973-1-15 00:00:00"
1973,2,0.33,0.44,0.21,1973.12,"1973-2-15 00:00:00"
1973,3,0.29,0.32,0.26,1973.21,"1973-3-15 00:00:00"
1973,4,0.27,0.19,0.36,1973.29,"1973-4-15 00:00:00"
1973,5,0.22,0.09,0.36,1973.38,"1973-5-15 00:00:00"
1973,6,0.19,0.16,0.21,1973.46,"1973-6-15 00:00:00"
1973,7,0.12,0.04,0.21,1973.54,"1973-7-15 00:00:00"
1973,8,0.05,0.03,0.08,1973.62,"1973-8-15 00:00:00"
1973,9,0.09,-0.08,0.26,1973.71,"1973-9-15 00:00:00"
1973,10,0.1,-0.07,0.26,1973.79,"1973-10-15 00:00:00"
1973,11,0.05,-0.1,0.18,1973.88,"1973-11-15 00:00:00"
1973,12,-0.06,-0.04,-0.09,1973.96,"1973-12-15 00:00:00"
1974,1,-0.1,-0.26,0.04,1974.04,"1974-1-15 00:00:00"
1974,2,-0.27,-0.35,-0.19,1974.12,"1974-2-15 00:00:00"
1974,3,-0.05,0.02,-0.14,1974.21,"1974-3-15 00:00:00"
1974,4,-0.11,-0.1,-0.13,1974.29,"1974-4-15 00:00:00"
1974,5,-0.04,-0.19,0.1,1974.38,"1974-5-15 00:00:00"
1974,6,-0.05,-0.18,0.08,1974.46,"1974-6-15 00:00:00"
1974,7,-0.03,-0.12,0.06,1974.54,"1974-7-15 00:00:00"
1974,8,0.1,-0.11,0.3,1974.62,"1974-8-15 00:00:00"
1974,9,-0.08,-0.16,0,1974.71,"1974-9-15 00:00:00"
1974,10,-0.06,-0.23,0.1,1974.79,"1974-10-15 00:00:00"
1974,11,-0.07,-0.2,0.05,1974.88,"1974-11-15 00:00:00"
1974,12,-0.08,-0.27,0.1,1974.96,"1974-12-15 00:00:00"
1975,1,0.1,0.16,0.03,1975.04,"1975-1-15 00:00:00"
1975,2,0.08,0.09,0.06,1975.12,"1975-2-15 00:00:00"
1975,3,0.12,0.11,0.14,1975.21,"1975-3-15 00:00:00"
1975,4,0.04,0.05,0.02,1975.29,"1975-4-15 00:00:00"
1975,5,0.16,-0.02,0.32,1975.38,"1975-5-15 00:00:00"
1975,6,-0.01,-0.08,0.05,1975.46,"1975-6-15 00:00:00"
1975,7,-0.01,-0.06,0.04,1975.54,"1975-7-15 00:00:00"
1975,8,-0.17,-0.13,-0.2,1975.62,"1975-8-15 00:00:00"
1975,9,-0.03,-0.07,0.01,1975.71,"1975-9-15 00:00:00"
1975,10,-0.12,-0.18,-0.07,1975.79,"1975-10-15 00:00:00"
1975,11,-0.17,-0.3,-0.05,1975.88,"1975-11-15 00:00:00"
1975,12,-0.17,-0.22,-0.13,1975.96,"1975-12-15 00:00:00"
1976,1,-0.03,0.05,-0.12,1976.04,"1976-1-15 00:00:00"
1976,2,-0.06,-0.12,-0.01,1976.12,"1976-2-15 00:00:00"
1976,3,-0.22,-0.31,-0.13,1976.21,"1976-3-15 00:00:00"
1976,4,-0.07,0.02,-0.17,1976.29,"1976-4-15 00:00:00"
1976,5,-0.21,-0.25,-0.16,1976.38,"1976-5-15 00:00:00"
1976,6,-0.13,-0.2,-0.05,1976.46,"1976-6-15 00:00:00"
1976,7,-0.1,-0.26,0.06,1976.54,"1976-7-15 00:00:00"
1976,8,-0.12,-0.21,-0.04,1976.62,"1976-8-15 00:00:00"
1976,9,-0.06,-0.12,-0.01,1976.71,"1976-9-15 00:00:00"
1976,10,-0.24,-0.51,0.02,1976.79,"1976-10-15 00:00:00"
1976,11,-0.06,-0.31,0.2,1976.88,"1976-11-15 00:00:00"
1976,12,0.1,-0.25,0.46,1976.96,"1976-12-15 00:00:00"
1977,1,0.18,-0.16,0.52,1977.04,"1977-1-15 00:00:00"
1977,2,0.23,0.11,0.34,1977.12,"1977-2-15 00:00:00"
1977,3,0.24,0.27,0.22,1977.21,"1977-3-15 00:00:00"
1977,4,0.27,0.25,0.28,1977.29,"1977-4-15 00:00:00"
1977,5,0.32,0.23,0.41,1977.38,"1977-5-15 00:00:00"
1977,6,0.27,0.23,0.31,1977.46,"1977-6-15 00:00:00"
1977,7,0.2,0.08,0.32,1977.54,"1977-7-15 00:00:00"
1977,8,0.18,0.02,0.33,1977.62,"1977-8-15 00:00:00"
1977,9,0.02,0.13,-0.08,1977.71,"1977-9-15 00:00:00"
1977,10,0.03,-0.02,0.08,1977.79,"1977-10-15 00:00:00"
1977,11,0.16,0.28,0.06,1977.88,"1977-11-15 00:00:00"
1977,12,0.03,0.02,0.04,1977.96,"1977-12-15 00:00:00"
1978,1,0.06,0.16,-0.03,1978.04,"1978-1-15 00:00:00"
1978,2,0.1,0.04,0.16,1978.12,"1978-2-15 00:00:00"
1978,3,0.19,0.21,0.16,1978.21,"1978-3-15 00:00:00"
1978,4,0.17,0.08,0.26,1978.29,"1978-4-15 00:00:00"
1978,5,0.09,-0.06,0.23,1978.38,"1978-5-15 00:00:00"
1978,6,-0.01,-0.14,0.11,1978.46,"1978-6-15 00:00:00"
1978,7,0.04,-0.07,0.16,1978.54,"1978-7-15 00:00:00"
1978,8,-0.13,-0.14,-0.12,1978.62,"1978-8-15 00:00:00"
1978,9,0.06,-0.01,0.12,1978.71,"1978-9-15 00:00:00"
1978,10,0.03,0,0.06,1978.79,"1978-10-15 00:00:00"
1978,11,0.14,0.16,0.11,1978.88,"1978-11-15 00:00:00"
1978,12,0.08,0.02,0.14,1978.96,"1978-12-15 00:00:00"
1979,1,0.08,-0.05,0.22,1979.04,"1979-1-15 00:00:00"
1979,2,-0.1,-0.35,0.15,1979.12,"1979-2-15 00:00:00"
1979,3,0.19,0.18,0.2,1979.21,"1979-3-15 00:00:00"
1979,4,0.15,-0.17,0.47,1979.29,"1979-4-15 00:00:00"
1979,5,0.03,0.01,0.06,1979.38,"1979-5-15 00:00:00"
1979,6,0.14,0.08,0.2,1979.46,"1979-6-15 00:00:00"
1979,7,0.04,0.05,0.03,1979.54,"1979-7-15 00:00:00"
1979,8,0.17,0.04,0.3,1979.62,"1979-8-15 00:00:00"
1979,9,0.25,0.19,0.3,1979.71,"1979-9-15 00:00:00"
1979,10,0.25,0.23,0.28,1979.79,"1979-10-15 00:00:00"
1979,11,0.29,0.24,0.33,1979.88,"1979-11-15 00:00:00"
1979,12,0.48,0.55,0.41,1979.96,"1979-12-15 00:00:00"
1980,1,0.3,0.21,0.38,1980.04,"1980-1-15 00:00:00"
1980,2,0.4,0.41,0.38,1980.12,"1980-2-15 00:00:00"
1980,3,0.3,0.07,0.52,1980.21,"1980-3-15 00:00:00"
1980,4,0.3,0.15,0.46,1980.29,"1980-4-15 00:00:00"
1980,5,0.35,0.26,0.44,1980.38,"1980-5-15 00:00:00"
1980,6,0.2,0.19,0.22,1980.46,"1980-6-15 00:00:00"
1980,7,0.22,0.14,0.3,1980.54,"1980-7-15 00:00:00"
1980,8,0.18,0.09,0.27,1980.62,"1980-8-15 00:00:00"
1980,9,0.2,0.1,0.3,1980.71,"1980-9-15 00:00:00"
1980,10,0.13,0.11,0.15,1980.79,"1980-10-15 00:00:00"
1980,11,0.29,0.2,0.38,1980.88,"1980-11-15 00:00:00"
1980,12,0.21,0.09,0.34,1980.96,"1980-12-15 00:00:00"
1981,1,0.52,0.79,0.24,1981.04,"1981-1-15 00:00:00"
1981,2,0.42,0.63,0.21,1981.12,"1981-2-15 00:00:00"
1981,3,0.48,0.67,0.27,1981.21,"1981-3-15 00:00:00"
1981,4,0.32,0.39,0.26,1981.29,"1981-4-15 00:00:00"
1981,5,0.24,0.18,0.3,1981.38,"1981-5-15 00:00:00"
1981,6,0.29,0.28,0.3,1981.46,"1981-6-15 00:00:00"
1981,7,0.32,0.09,0.53,1981.54,"1981-7-15 00:00:00"
1981,8,0.35,0.16,0.52,1981.62,"1981-8-15 00:00:00"
1981,9,0.15,0.14,0.16,1981.71,"1981-9-15 00:00:00"
1981,10,0.12,0.23,0.02,1981.79,"1981-10-15 00:00:00"
1981,11,0.23,0.35,0.12,1981.88,"1981-11-15 00:00:00"
1981,12,0.41,0.54,0.27,1981.96,"1981-12-15 00:00:00"
1982,1,0.04,-0.14,0.23,1982.04,"1982-1-15 00:00:00"
1982,2,0.15,0.16,0.14,1982.12,"1982-2-15 00:00:00"
1982,3,0.03,0.06,0,1982.21,"1982-3-15 00:00:00"
1982,4,0.15,0.17,0.12,1982.29,"1982-4-15 00:00:00"
1982,5,0.18,0.09,0.26,1982.38,"1982-5-15 00:00:00"
1982,6,0.05,0.01,0.11,1982.46,"1982-6-15 00:00:00"
1982,7,0.14,0.04,0.25,1982.54,"1982-7-15 00:00:00"
1982,8,0.03,-0.07,0.15,1982.62,"1982-8-15 00:00:00"
1982,9,0.13,0.05,0.22,1982.71,"1982-9-15 00:00:00"
1982,10,0.13,0,0.27,1982.79,"1982-10-15 00:00:00"
1982,11,0.17,-0.11,0.46,1982.88,"1982-11-15 00:00:00"
1982,12,0.42,0.38,0.47,1982.96,"1982-12-15 00:00:00"
1983,1,0.53,0.55,0.5,1983.04,"1983-1-15 00:00:00"
1983,2,0.42,0.34,0.51,1983.12,"1983-2-15 00:00:00"
1983,3,0.41,0.42,0.4,1983.21,"1983-3-15 00:00:00"
1983,4,0.27,0.06,0.49,1983.29,"1983-4-15 00:00:00"
1983,5,0.33,0.05,0.61,1983.38,"1983-5-15 00:00:00"
1983,6,0.22,0.11,0.35,1983.46,"1983-6-15 00:00:00"
1983,7,0.17,0.2,0.16,1983.54,"1983-7-15 00:00:00"
1983,8,0.35,0.25,0.44,1983.62,"1983-8-15 00:00:00"
1983,9,0.37,0.26,0.47,1983.71,"1983-9-15 00:00:00"
1983,10,0.16,0.12,0.21,1983.79,"1983-10-15 00:00:00"
1983,11,0.3,0.49,0.12,1983.88,"1983-11-15 00:00:00"
1983,12,0.17,0.11,0.22,1983.96,"1983-12-15 00:00:00"
1984,1,0.31,0.33,0.28,1984.04,"1984-1-15 00:00:00"
1984,2,0.14,0.02,0.26,1984.12,"1984-2-15 00:00:00"
1984,3,0.26,0.18,0.34,1984.21,"1984-3-15 00:00:00"
1984,4,0.06,-0.07,0.19,1984.29,"1984-4-15 00:00:00"
1984,5,0.32,0.23,0.42,1984.38,"1984-5-15 00:00:00"
1984,6,0.02,0.09,-0.05,1984.46,"1984-6-15 00:00:00"
1984,7,0.19,0.09,0.29,1984.54,"1984-7-15 00:00:00"
1984,8,0.19,0.06,0.32,1984.62,"1984-8-15 00:00:00"
1984,9,0.21,-0.04,0.45,1984.71,"1984-9-15 00:00:00"
1984,10,0.13,0.08,0.19,1984.79,"1984-10-15 00:00:00"
1984,11,0.07,-0.1,0.24,1984.88,"1984-11-15 00:00:00"
1984,12,-0.05,-0.42,0.33,1984.96,"1984-12-15 00:00:00"
1985,1,0.22,0.07,0.36,1985.04,"1985-1-15 00:00:00"
1985,2,-0.04,-0.29,0.22,1985.12,"1985-2-15 00:00:00"
1985,3,0.17,0,0.34,1985.21,"1985-3-15 00:00:00"
1985,4,0.12,-0.04,0.27,1985.29,"1985-4-15 00:00:00"
1985,5,0.14,0.09,0.2,1985.38,"1985-5-15 00:00:00"
1985,6,0.15,0,0.28,1985.46,"1985-6-15 00:00:00"
1985,7,0.04,-0.08,0.15,1985.54,"1985-7-15 00:00:00"
1985,8,0.16,-0.02,0.34,1985.62,"1985-8-15 00:00:00"
1985,9,0.13,0.03,0.22,1985.71,"1985-9-15 00:00:00"
1985,10,0.11,0.02,0.19,1985.79,"1985-10-15 00:00:00"
1985,11,0.05,0.02,0.08,1985.88,"1985-11-15 00:00:00"
1985,12,0.13,0.16,0.1,1985.96,"1985-12-15 00:00:00"
1986,1,0.27,0.36,0.18,1986.04,"1986-1-15 00:00:00"
1986,2,0.37,0.31,0.42,1986.12,"1986-2-15 00:00:00"
1986,3,0.3,0.26,0.33,1986.21,"1986-3-15 00:00:00"
1986,4,0.22,0.15,0.29,1986.29,"1986-4-15 00:00:00"
1986,5,0.21,0.19,0.23,1986.38,"1986-5-15 00:00:00"
1986,6,0.12,0.14,0.1,1986.46,"1986-6-15 00:00:00"
1986,7,0.11,-0.02,0.24,1986.54,"1986-7-15 00:00:00"
1986,8,0.15,0.04,0.27,1986.62,"1986-8-15 00:00:00"
1986,9,0.03,-0.02,0.08,1986.71,"1986-9-15 00:00:00"
1986,10,0.15,0.09,0.22,1986.79,"1986-10-15 00:00:00"
1986,11,0.11,0.04,0.18,1986.88,"1986-11-15 00:00:00"
1986,12,0.13,0.06,0.21,1986.96,"1986-12-15 00:00:00"
1987,1,0.32,0.25,0.4,1987.04,"1987-1-15 00:00:00"
1987,2,0.43,0.5,0.36,1987.12,"1987-2-15 00:00:00"
1987,3,0.18,0,0.37,1987.21,"1987-3-15 00:00:00"
1987,4,0.24,0.07,0.42,1987.29,"1987-4-15 00:00:00"
1987,5,0.25,0.23,0.28,1987.38,"1987-5-15 00:00:00"
1987,6,0.34,0.16,0.52,1987.46,"1987-6-15 00:00:00"
1987,7,0.4,0.25,0.55,1987.54,"1987-7-15 00:00:00"
1987,8,0.24,0.27,0.24,1987.62,"1987-8-15 00:00:00"
1987,9,0.35,0.39,0.32,1987.71,"1987-9-15 00:00:00"
1987,10,0.32,0.22,0.43,1987.79,"1987-10-15 00:00:00"
1987,11,0.29,0.1,0.49,1987.88,"1987-11-15 00:00:00"
1987,12,0.46,0.5,0.43,1987.96,"1987-12-15 00:00:00"
1988,1,0.56,0.59,0.54,1988.04,"1988-1-15 00:00:00"
1988,2,0.44,0.46,0.43,1988.12,"1988-2-15 00:00:00"
1988,3,0.51,0.47,0.55,1988.21,"1988-3-15 00:00:00"
1988,4,0.42,0.44,0.41,1988.29,"1988-4-15 00:00:00"
1988,5,0.43,0.43,0.44,1988.38,"1988-5-15 00:00:00"
1988,6,0.39,0.4,0.39,1988.46,"1988-6-15 00:00:00"
1988,7,0.32,0.42,0.23,1988.54,"1988-7-15 00:00:00"
1988,8,0.38,0.26,0.51,1988.62,"1988-8-15 00:00:00"
1988,9,0.36,0.26,0.45,1988.71,"1988-9-15 00:00:00"
1988,10,0.37,0.23,0.5,1988.79,"1988-10-15 00:00:00"
1988,11,0.12,0.06,0.17,1988.88,"1988-11-15 00:00:00"
1988,12,0.28,0.43,0.13,1988.96,"1988-12-15 00:00:00"
1989,1,0.11,0.08,0.15,1989.04,"1989-1-15 00:00:00"
1989,2,0.3,0.39,0.2,1989.12,"1989-2-15 00:00:00"
1989,3,0.36,0.45,0.25,1989.21,"1989-3-15 00:00:00"
1989,4,0.29,0.32,0.25,1989.29,"1989-4-15 00:00:00"
1989,5,0.17,0.22,0.11,1989.38,"1989-5-15 00:00:00"
1989,6,0.16,0.24,0.09,1989.46,"1989-6-15 00:00:00"
1989,7,0.33,0.31,0.35,1989.54,"1989-7-15 00:00:00"
1989,8,0.33,0.25,0.4,1989.62,"1989-8-15 00:00:00"
1989,9,0.35,0.24,0.44,1989.71,"1989-9-15 00:00:00"
1989,10,0.28,0.25,0.32,1989.79,"1989-10-15 00:00:00"
1989,11,0.19,0.11,0.27,1989.88,"1989-11-15 00:00:00"
1989,12,0.37,0.33,0.39,1989.96,"1989-12-15 00:00:00"
1990,1,0.41,0.47,0.35,1990.04,"1990-1-15 00:00:00"
1990,2,0.43,0.54,0.32,1990.12,"1990-2-15 00:00:00"
1990,3,0.79,1.16,0.42,1990.21,"1990-3-15 00:00:00"
1990,4,0.56,0.7,0.41,1990.29,"1990-4-15 00:00:00"
1990,5,0.45,0.5,0.4,1990.38,"1990-5-15 00:00:00"
1990,6,0.39,0.47,0.3,1990.46,"1990-6-15 00:00:00"
1990,7,0.46,0.32,0.58,1990.54,"1990-7-15 00:00:00"
1990,8,0.34,0.41,0.27,1990.62,"1990-8-15 00:00:00"
1990,9,0.23,0.42,0.05,1990.71,"1990-9-15 00:00:00"
1990,10,0.44,0.47,0.41,1990.79,"1990-10-15 00:00:00"
1990,11,0.47,0.46,0.47,1990.88,"1990-11-15 00:00:00"
1990,12,0.4,0.38,0.43,1990.96,"1990-12-15 00:00:00"
1991,1,0.42,0.59,0.25,1991.04,"1991-1-15 00:00:00"
1991,2,0.49,0.57,0.42,1991.12,"1991-2-15 00:00:00"
1991,3,0.35,0.45,0.24,1991.21,"1991-3-15 00:00:00"
1991,4,0.51,0.56,0.46,1991.29,"1991-4-15 00:00:00"
1991,5,0.34,0.33,0.35,1991.38,"1991-5-15 00:00:00"
1991,6,0.52,0.47,0.58,1991.46,"1991-6-15 00:00:00"
1991,7,0.47,0.42,0.51,1991.54,"1991-7-15 00:00:00"
1991,8,0.4,0.35,0.44,1991.62,"1991-8-15 00:00:00"
1991,9,0.44,0.35,0.51,1991.71,"1991-9-15 00:00:00"
1991,10,0.28,0.29,0.27,1991.79,"1991-10-15 00:00:00"
1991,11,0.29,0.32,0.27,1991.88,"1991-11-15 00:00:00"
1991,12,0.31,0.2,0.42,1991.96,"1991-12-15 00:00:00"
1992,1,0.47,0.61,0.33,1992.04,"1992-1-15 00:00:00"
1992,2,0.41,0.5,0.32,1992.12,"1992-2-15 00:00:00"
1992,3,0.47,0.54,0.4,1992.21,"1992-3-15 00:00:00"
1992,4,0.27,0.15,0.39,1992.29,"1992-4-15 00:00:00"
1992,5,0.3,0.18,0.41,1992.38,"1992-5-15 00:00:00"
1992,6,0.26,0.04,0.47,1992.46,"1992-6-15 00:00:00"
1992,7,0.08,-0.1,0.27,1992.54,"1992-7-15 00:00:00"
1992,8,0.08,-0.07,0.23,1992.62,"1992-8-15 00:00:00"
1992,9,-0.01,-0.18,0.17,1992.71,"1992-9-15 00:00:00"
1992,10,0.06,-0.18,0.29,1992.79,"1992-10-15 00:00:00"
1992,11,0.02,-0.09,0.14,1992.88,"1992-11-15 00:00:00"
1992,12,0.21,0.21,0.21,1992.96,"1992-12-15 00:00:00"
1993,1,0.34,0.38,0.29,1993.04,"1993-1-15 00:00:00"
1993,2,0.37,0.52,0.21,1993.12,"1993-2-15 00:00:00"
1993,3,0.36,0.38,0.33,1993.21,"1993-3-15 00:00:00"
1993,4,0.27,0.23,0.32,1993.29,"1993-4-15 00:00:00"
1993,5,0.28,0.32,0.25,1993.38,"1993-5-15 00:00:00"
1993,6,0.23,0.22,0.24,1993.46,"1993-6-15 00:00:00"
1993,7,0.25,0.12,0.37,1993.54,"1993-7-15 00:00:00"
1993,8,0.11,0.02,0.2,1993.62,"1993-8-15 00:00:00"
1993,9,0.12,-0.06,0.3,1993.71,"1993-9-15 00:00:00"
1993,10,0.23,0.12,0.34,1993.79,"1993-10-15 00:00:00"
1993,11,0.04,-0.21,0.29,1993.88,"1993-11-15 00:00:00"
1993,12,0.18,0.22,0.15,1993.96,"1993-12-15 00:00:00"
1994,1,0.26,0.33,0.19,1994.04,"1994-1-15 00:00:00"
1994,2,0.02,-0.05,0.1,1994.12,"1994-2-15 00:00:00"
1994,3,0.3,0.49,0.1,1994.21,"1994-3-15 00:00:00"
1994,4,0.4,0.48,0.33,1994.29,"1994-4-15 00:00:00"
1994,5,0.27,0.39,0.17,1994.38,"1994-5-15 00:00:00"
1994,6,0.43,0.41,0.45,1994.46,"1994-6-15 00:00:00"
1994,7,0.3,0.33,0.26,1994.54,"1994-7-15 00:00:00"
1994,8,0.22,0.32,0.12,1994.62,"1994-8-15 00:00:00"
1994,9,0.32,0.33,0.32,1994.71,"1994-9-15 00:00:00"
1994,10,0.41,0.54,0.29,1994.79,"1994-10-15 00:00:00"
1994,11,0.44,0.5,0.39,1994.88,"1994-11-15 00:00:00"
1994,12,0.38,0.36,0.4,1994.96,"1994-12-15 00:00:00"
1995,1,0.52,0.75,0.28,1995.04,"1995-1-15 00:00:00"
1995,2,0.79,1.19,0.37,1995.12,"1995-2-15 00:00:00"
1995,3,0.47,0.59,0.35,1995.21,"1995-3-15 00:00:00"
1995,4,0.46,0.71,0.21,1995.29,"1995-4-15 00:00:00"
1995,5,0.28,0.41,0.16,1995.38,"1995-5-15 00:00:00"
1995,6,0.42,0.5,0.34,1995.46,"1995-6-15 00:00:00"
1995,7,0.45,0.37,0.53,1995.54,"1995-7-15 00:00:00"
1995,8,0.46,0.53,0.38,1995.62,"1995-8-15 00:00:00"
1995,9,0.33,0.43,0.25,1995.71,"1995-9-15 00:00:00"
1995,10,0.47,0.6,0.35,1995.79,"1995-10-15 00:00:00"
1995,11,0.44,0.57,0.31,1995.88,"1995-11-15 00:00:00"
1995,12,0.25,0.27,0.24,1995.96,"1995-12-15 00:00:00"
1996,1,0.23,0.26,0.21,1996.04,"1996-1-15 00:00:00"
1996,2,0.46,0.55,0.38,1996.12,"1996-2-15 00:00:00"
1996,3,0.33,0.32,0.34,1996.21,"1996-3-15 00:00:00"
1996,4,0.32,0.17,0.46,1996.29,"1996-4-15 00:00:00"
1996,5,0.28,0.35,0.21,1996.38,"1996-5-15 00:00:00"
1996,6,0.25,0.25,0.26,1996.46,"1996-6-15 00:00:00"
1996,7,0.36,0.29,0.43,1996.54,"1996-7-15 00:00:00"
1996,8,0.48,0.18,0.76,1996.62,"1996-8-15 00:00:00"
1996,9,0.24,0.04,0.45,1996.71,"1996-9-15 00:00:00"
1996,10,0.19,0.04,0.34,1996.79,"1996-10-15 00:00:00"
1996,11,0.38,0.35,0.41,1996.88,"1996-11-15 00:00:00"
1996,12,0.37,0.34,0.39,1996.96,"1996-12-15 00:00:00"
1997,1,0.29,0.33,0.25,1997.04,"1997-1-15 00:00:00"
1997,2,0.41,0.6,0.22,1997.12,"1997-2-15 00:00:00"
1997,3,0.52,0.74,0.29,1997.21,"1997-3-15 00:00:00"
1997,4,0.35,0.49,0.2,1997.29,"1997-4-15 00:00:00"
1997,5,0.36,0.42,0.29,1997.38,"1997-5-15 00:00:00"
1997,6,0.54,0.49,0.59,1997.46,"1997-6-15 00:00:00"
1997,7,0.34,0.41,0.28,1997.54,"1997-7-15 00:00:00"
1997,8,0.43,0.48,0.38,1997.62,"1997-8-15 00:00:00"
1997,9,0.52,0.51,0.54,1997.71,"1997-9-15 00:00:00"
1997,10,0.6,0.63,0.58,1997.79,"1997-10-15 00:00:00"
1997,11,0.64,0.59,0.7,1997.88,"1997-11-15 00:00:00"
1997,12,0.58,0.5,0.67,1997.96,"1997-12-15 00:00:00"
1998,1,0.58,0.61,0.56,1998.04,"1998-1-15 00:00:00"
1998,2,0.88,1.03,0.72,1998.12,"1998-2-15 00:00:00"
1998,3,0.63,0.71,0.55,1998.21,"1998-3-15 00:00:00"
1998,4,0.64,0.87,0.42,1998.29,"1998-4-15 00:00:00"
1998,5,0.66,0.66,0.68,1998.38,"1998-5-15 00:00:00"
1998,6,0.76,0.73,0.79,1998.46,"1998-6-15 00:00:00"
1998,7,0.67,0.74,0.61,1998.54,"1998-7-15 00:00:00"
1998,8,0.65,0.72,0.59,1998.62,"1998-8-15 00:00:00"
1998,9,0.42,0.61,0.24,1998.71,"1998-9-15 00:00:00"
1998,10,0.42,0.54,0.32,1998.79,"1998-10-15 00:00:00"
1998,11,0.43,0.49,0.39,1998.88,"1998-11-15 00:00:00"
1998,12,0.56,0.74,0.37,1998.96,"1998-12-15 00:00:00"
1999,1,0.48,0.59,0.37,1999.04,"1999-1-15 00:00:00"
1999,2,0.65,1,0.29,1999.12,"1999-2-15 00:00:00"
1999,3,0.32,0.29,0.36,1999.21,"1999-3-15 00:00:00"
1999,4,0.33,0.53,0.12,1999.29,"1999-4-15 00:00:00"
1999,5,0.27,0.36,0.18,1999.38,"1999-5-15 00:00:00"
1999,6,0.36,0.35,0.37,1999.46,"1999-6-15 00:00:00"
1999,7,0.38,0.35,0.41,1999.54,"1999-7-15 00:00:00"
1999,8,0.32,0.3,0.33,1999.62,"1999-8-15 00:00:00"
1999,9,0.38,0.4,0.36,1999.71,"1999-9-15 00:00:00"
1999,10,0.34,0.39,0.28,1999.79,"1999-10-15 00:00:00"
1999,11,0.37,0.53,0.21,1999.88,"1999-11-15 00:00:00"
1999,12,0.41,0.66,0.15,1999.96,"1999-12-15 00:00:00"
2000,1,0.25,0.38,0.13,2000.04,"2000-1-15 00:00:00"
2000,2,0.56,0.89,0.23,2000.12,"2000-2-15 00:00:00"
2000,3,0.55,0.83,0.25,2000.21,"2000-3-15 00:00:00"
2000,4,0.57,0.88,0.25,2000.29,"2000-4-15 00:00:00"
2000,5,0.35,0.54,0.16,2000.38,"2000-5-15 00:00:00"
2000,6,0.39,0.44,0.34,2000.46,"2000-6-15 00:00:00"
2000,7,0.37,0.41,0.33,2000.54,"2000-7-15 00:00:00"
2000,8,0.42,0.47,0.37,2000.62,"2000-8-15 00:00:00"
2000,9,0.39,0.37,0.42,2000.71,"2000-9-15 00:00:00"
2000,10,0.27,0.29,0.27,2000.79,"2000-10-15 00:00:00"
2000,11,0.31,0.2,0.41,2000.88,"2000-11-15 00:00:00"
2000,12,0.29,0.27,0.3,2000.96,"2000-12-15 00:00:00"
2001,1,0.46,0.56,0.35,2001.04,"2001-1-15 00:00:00"
2001,2,0.44,0.45,0.43,2001.12,"2001-2-15 00:00:00"
2001,3,0.56,0.76,0.35,2001.21,"2001-3-15 00:00:00"
2001,4,0.51,0.6,0.42,2001.29,"2001-4-15 00:00:00"
2001,5,0.58,0.69,0.47,2001.38,"2001-5-15 00:00:00"
2001,6,0.51,0.51,0.51,2001.46,"2001-6-15 00:00:00"
2001,7,0.59,0.63,0.55,2001.54,"2001-7-15 00:00:00"
2001,8,0.5,0.68,0.32,2001.62,"2001-8-15 00:00:00"
2001,9,0.52,0.56,0.47,2001.71,"2001-9-15 00:00:00"
2001,10,0.51,0.6,0.41,2001.79,"2001-10-15 00:00:00"
2001,11,0.73,0.98,0.48,2001.88,"2001-11-15 00:00:00"
2001,12,0.56,0.65,0.47,2001.96,"2001-12-15 00:00:00"
2002,1,0.77,1.02,0.52,2002.04,"2002-1-15 00:00:00"
2002,2,0.79,1.14,0.43,2002.12,"2002-2-15 00:00:00"
2002,3,0.88,1.11,0.64,2002.21,"2002-3-15 00:00:00"
2002,4,0.58,0.51,0.65,2002.29,"2002-4-15 00:00:00"
2002,5,0.63,0.51,0.75,2002.38,"2002-5-15 00:00:00"
2002,6,0.53,0.68,0.38,2002.46,"2002-6-15 00:00:00"
2002,7,0.6,0.66,0.55,2002.54,"2002-7-15 00:00:00"
2002,8,0.53,0.55,0.51,2002.62,"2002-8-15 00:00:00"
2002,9,0.63,0.62,0.64,2002.71,"2002-9-15 00:00:00"
2002,10,0.54,0.53,0.56,2002.79,"2002-10-15 00:00:00"
2002,11,0.59,0.79,0.41,2002.88,"2002-11-15 00:00:00"
2002,12,0.43,0.42,0.46,2002.96,"2002-12-15 00:00:00"
2003,1,0.75,0.93,0.58,2003.04,"2003-1-15 00:00:00"
2003,2,0.59,0.56,0.61,2003.12,"2003-2-15 00:00:00"
2003,3,0.59,0.66,0.52,2003.21,"2003-3-15 00:00:00"
2003,4,0.55,0.61,0.5,2003.29,"2003-4-15 00:00:00"
2003,5,0.61,0.72,0.51,2003.38,"2003-5-15 00:00:00"
2003,6,0.48,0.54,0.42,2003.46,"2003-6-15 00:00:00"
2003,7,0.58,0.68,0.49,2003.54,"2003-7-15 00:00:00"
2003,8,0.65,0.86,0.44,2003.62,"2003-8-15 00:00:00"
2003,9,0.62,0.78,0.48,2003.71,"2003-9-15 00:00:00"
2003,10,0.73,0.98,0.49,2003.79,"2003-10-15 00:00:00"
2003,11,0.53,0.66,0.41,2003.88,"2003-11-15 00:00:00"
2003,12,0.75,0.98,0.52,2003.96,"2003-12-15 00:00:00"
2004,1,0.58,0.66,0.5,2004.04,"2004-1-15 00:00:00"
2004,2,0.73,0.91,0.53,2004.12,"2004-2-15 00:00:00"
2004,3,0.63,0.86,0.4,2004.21,"2004-3-15 00:00:00"
2004,4,0.61,0.7,0.53,2004.29,"2004-4-15 00:00:00"
2004,5,0.39,0.52,0.26,2004.38,"2004-5-15 00:00:00"
2004,6,0.44,0.46,0.42,2004.46,"2004-6-15 00:00:00"
2004,7,0.26,0.49,0.05,2004.54,"2004-7-15 00:00:00"
2004,8,0.47,0.55,0.4,2004.62,"2004-8-15 00:00:00"
2004,9,0.51,0.6,0.43,2004.71,"2004-9-15 00:00:00"
2004,10,0.61,0.7,0.52,2004.79,"2004-10-15 00:00:00"
2004,11,0.73,0.98,0.48,2004.88,"2004-11-15 00:00:00"
2004,12,0.51,0.45,0.57,2004.96,"2004-12-15 00:00:00"
2005,1,0.74,0.93,0.55,2005.04,"2005-1-15 00:00:00"
2005,2,0.61,0.72,0.49,2005.12,"2005-2-15 00:00:00"
2005,3,0.74,0.94,0.54,2005.21,"2005-3-15 00:00:00"
2005,4,0.68,0.92,0.44,2005.29,"2005-4-15 00:00:00"
2005,5,0.63,0.78,0.49,2005.38,"2005-5-15 00:00:00"
2005,6,0.65,0.79,0.51,2005.46,"2005-6-15 00:00:00"
2005,7,0.62,0.75,0.49,2005.54,"2005-7-15 00:00:00"
2005,8,0.62,0.69,0.54,2005.62,"2005-8-15 00:00:00"
2005,9,0.71,0.9,0.53,2005.71,"2005-9-15 00:00:00"
2005,10,0.75,0.95,0.55,2005.79,"2005-10-15 00:00:00"
2005,11,0.74,1.06,0.42,2005.88,"2005-11-15 00:00:00"
2005,12,0.68,0.84,0.52,2005.96,"2005-12-15 00:00:00"
2006,1,0.56,0.65,0.47,2006.04,"2006-1-15 00:00:00"
2006,2,0.73,0.95,0.5,2006.12,"2006-2-15 00:00:00"
2006,3,0.63,0.77,0.48,2006.21,"2006-3-15 00:00:00"
2006,4,0.48,0.59,0.38,2006.29,"2006-4-15 00:00:00"
2006,5,0.5,0.75,0.24,2006.38,"2006-5-15 00:00:00"
2006,6,0.65,0.81,0.5,2006.46,"2006-6-15 00:00:00"
2006,7,0.54,0.69,0.41,2006.54,"2006-7-15 00:00:00"
2006,8,0.71,0.69,0.73,2006.62,"2006-8-15 00:00:00"
2006,9,0.65,0.82,0.48,2006.71,"2006-9-15 00:00:00"
2006,10,0.69,0.96,0.44,2006.79,"2006-10-15 00:00:00"
2006,11,0.73,0.95,0.51,2006.88,"2006-11-15 00:00:00"
2006,12,0.79,1.15,0.43,2006.96,"2006-12-15 00:00:00"
2007,1,1.01,1.45,0.57,2007.04,"2007-1-15 00:00:00"
2007,2,0.7,0.9,0.5,2007.12,"2007-2-15 00:00:00"
2007,3,0.72,0.95,0.48,2007.21,"2007-3-15 00:00:00"
2007,4,0.75,1.07,0.43,2007.29,"2007-4-15 00:00:00"
2007,5,0.68,0.72,0.64,2007.38,"2007-5-15 00:00:00"
2007,6,0.61,0.65,0.56,2007.46,"2007-6-15 00:00:00"
2007,7,0.6,0.66,0.53,2007.54,"2007-7-15 00:00:00"
2007,8,0.6,0.73,0.46,2007.62,"2007-8-15 00:00:00"
2007,9,0.6,0.67,0.53,2007.71,"2007-9-15 00:00:00"
2007,10,0.59,0.83,0.34,2007.79,"2007-10-15 00:00:00"
2007,11,0.58,0.82,0.34,2007.88,"2007-11-15 00:00:00"
2007,12,0.49,0.77,0.21,2007.96,"2007-12-15 00:00:00"
2008,1,0.3,0.33,0.26,2008.04,"2008-1-15 00:00:00"
2008,2,0.38,0.58,0.17,2008.12,"2008-2-15 00:00:00"
2008,3,0.74,1.13,0.33,2008.21,"2008-3-15 00:00:00"
2008,4,0.53,0.65,0.41,2008.29,"2008-4-15 00:00:00"
2008,5,0.49,0.6,0.38,2008.38,"2008-5-15 00:00:00"
2008,6,0.49,0.61,0.37,2008.46,"2008-6-15 00:00:00"
2008,7,0.6,0.6,0.6,2008.54,"2008-7-15 00:00:00"
2008,8,0.47,0.6,0.36,2008.62,"2008-8-15 00:00:00"
2008,9,0.61,0.57,0.64,2008.71,"2008-9-15 00:00:00"
2008,10,0.65,0.86,0.46,2008.79,"2008-10-15 00:00:00"
2008,11,0.69,0.97,0.42,2008.88,"2008-11-15 00:00:00"
2008,12,0.54,0.65,0.43,2008.96,"2008-12-15 00:00:00"
2009,1,0.65,0.82,0.47,2009.04,"2009-1-15 00:00:00"
2009,2,0.53,0.7,0.37,2009.12,"2009-2-15 00:00:00"
2009,3,0.54,0.6,0.48,2009.21,"2009-3-15 00:00:00"
2009,4,0.6,0.7,0.5,2009.29,"2009-4-15 00:00:00"
2009,5,0.66,0.66,0.65,2009.38,"2009-5-15 00:00:00"
2009,6,0.65,0.68,0.63,2009.46,"2009-6-15 00:00:00"
2009,7,0.71,0.68,0.74,2009.54,"2009-7-15 00:00:00"
2009,8,0.68,0.72,0.64,2009.62,"2009-8-15 00:00:00"
2009,9,0.73,0.85,0.62,2009.71,"2009-9-15 00:00:00"
2009,10,0.65,0.79,0.53,2009.79,"2009-10-15 00:00:00"
2009,11,0.8,0.85,0.77,2009.88,"2009-11-15 00:00:00"
2009,12,0.67,0.67,0.69,2009.96,"2009-12-15 00:00:00"
2010,1,0.75,0.81,0.7,2010.04,"2010-1-15 00:00:00"
2010,2,0.84,0.94,0.74,2010.12,"2010-2-15 00:00:00"
2010,3,0.91,1.1,0.73,2010.21,"2010-3-15 00:00:00"
2010,4,0.84,1.13,0.56,2010.29,"2010-4-15 00:00:00"
2010,5,0.76,0.94,0.59,2010.38,"2010-5-15 00:00:00"
2010,6,0.68,0.85,0.52,2010.46,"2010-6-15 00:00:00"
2010,7,0.63,0.89,0.39,2010.54,"2010-7-15 00:00:00"
2010,8,0.66,0.87,0.46,2010.62,"2010-8-15 00:00:00"
2010,9,0.63,0.71,0.56,2010.71,"2010-9-15 00:00:00"
2010,10,0.7,0.89,0.51,2010.79,"2010-10-15 00:00:00"
2010,11,0.82,1.21,0.43,2010.88,"2010-11-15 00:00:00"
2010,12,0.45,0.5,0.4,2010.96,"2010-12-15 00:00:00"
2011,1,0.52,0.61,0.42,2011.04,"2011-1-15 00:00:00"
2011,2,0.48,0.56,0.4,2011.12,"2011-2-15 00:00:00"
2011,3,0.65,0.88,0.41,2011.21,"2011-3-15 00:00:00"
2011,4,0.65,0.84,0.45,2011.29,"2011-4-15 00:00:00"
2011,5,0.52,0.65,0.38,2011.38,"2011-5-15 00:00:00"
2011,6,0.61,0.76,0.46,2011.46,"2011-6-15 00:00:00"
2011,7,0.7,0.73,0.68,2011.54,"2011-7-15 00:00:00"
2011,8,0.73,0.71,0.75,2011.62,"2011-8-15 00:00:00"
2011,9,0.58,0.73,0.42,2011.71,"2011-9-15 00:00:00"
2011,10,0.66,0.91,0.41,2011.79,"2011-10-15 00:00:00"
2011,11,0.59,0.66,0.51,2011.88,"2011-11-15 00:00:00"
2011,12,0.61,0.88,0.33,2011.96,"2011-12-15 00:00:00"
2012,1,0.49,0.67,0.3,2012.04,"2012-1-15 00:00:00"
2012,2,0.49,0.58,0.39,2012.12,"2012-2-15 00:00:00"
2012,3,0.57,0.71,0.42,2012.21,"2012-3-15 00:00:00"
2012,4,0.71,1.06,0.35,2012.29,"2012-4-15 00:00:00"
2012,5,0.77,0.97,0.57,2012.38,"2012-5-15 00:00:00"
2012,6,0.65,0.94,0.37,2012.46,"2012-6-15 00:00:00"
2012,7,0.58,0.85,0.32,2012.54,"2012-7-15 00:00:00"
2012,8,0.64,0.75,0.53,2012.62,"2012-8-15 00:00:00"
2012,9,0.71,0.86,0.57,2012.71,"2012-9-15 00:00:00"
2012,10,0.79,0.91,0.67,2012.79,"2012-10-15 00:00:00"
2012,11,0.79,0.97,0.6,2012.88,"2012-11-15 00:00:00"
2012,12,0.53,0.45,0.61,2012.96,"2012-12-15 00:00:00"
2013,1,0.71,0.85,0.56,2013.04,"2013-1-15 00:00:00"
2013,2,0.63,0.79,0.47,2013.12,"2013-2-15 00:00:00"
2013,3,0.67,0.81,0.53,2013.21,"2013-3-15 00:00:00"
2013,4,0.56,0.68,0.44,2013.29,"2013-4-15 00:00:00"
2013,5,0.62,0.78,0.46,2013.38,"2013-5-15 00:00:00"
2013,6,0.71,0.77,0.64,2013.46,"2013-6-15 00:00:00"
2013,7,0.61,0.7,0.53,2013.54,"2013-7-15 00:00:00"
2013,8,0.7,0.73,0.66,2013.62,"2013-8-15 00:00:00"
2013,9,0.77,0.7,0.83,2013.71,"2013-9-15 00:00:00"
2013,10,0.69,0.83,0.56,2013.79,"2013-10-15 00:00:00"
2013,11,0.85,1.13,0.56,2013.88,"2013-11-15 00:00:00"
2013,12,0.7,0.83,0.56,2013.96,"2013-12-15 00:00:00"
2014,1,0.76,0.97,0.54,2014.04,"2014-1-15 00:00:00"
2014,2,0.55,0.71,0.39,2014.12,"2014-2-15 00:00:00"
2014,3,0.79,1.2,0.38,2014.21,"2014-3-15 00:00:00"
2014,4,0.81,1.08,0.54,2014.29,"2014-4-15 00:00:00"
2014,5,0.85,0.9,0.81,2014.38,"2014-5-15 00:00:00"
2014,6,0.67,0.81,0.54,2014.46,"2014-6-15 00:00:00"
2014,7,0.59,0.76,0.42,2014.54,"2014-7-15 00:00:00"
2014,8,0.81,0.9,0.72,2014.62,"2014-8-15 00:00:00"
2014,9,0.85,0.83,0.86,2014.71,"2014-9-15 00:00:00"
2014,10,0.8,0.93,0.67,2014.79,"2014-10-15 00:00:00"
2014,11,0.67,0.79,0.55,2014.88,"2014-11-15 00:00:00"
2014,12,0.8,1.1,0.5,2014.96,"2014-12-15 00:00:00"
2015,1,0.86,1.19,0.52,2015.04,"2015-1-15 00:00:00"
2015,2,0.9,1.18,0.61,2015.12,"2015-2-15 00:00:00"
2015,3,0.96,1.32,0.59,2015.21,"2015-3-15 00:00:00"
2015,4,0.77,1.03,0.51,2015.29,"2015-4-15 00:00:00"
2015,5,0.79,1.04,0.54,2015.38,"2015-5-15 00:00:00"
2015,6,0.82,1.05,0.59,2015.46,"2015-6-15 00:00:00"
2015,7,0.75,0.92,0.6,2015.54,"2015-7-15 00:00:00"
2015,8,0.83,1.01,0.65,2015.62,"2015-8-15 00:00:00"
2015,9,0.85,1.17,0.55,2015.71,"2015-9-15 00:00:00"
2015,10,1.08,1.29,0.89,2015.79,"2015-10-15 00:00:00"
2015,11,1.06,1.38,0.76,2015.88,"2015-11-15 00:00:00"
2015,12,1.16,1.53,0.8,2015.96,"2015-12-15 00:00:00"
2016,1,1.17,1.56,0.78,2016.04,"2016-1-15 00:00:00"
2016,2,1.37,1.93,0.79,2016.12,"2016-2-15 00:00:00"
2016,3,1.36,1.91,0.8,2016.21,"2016-3-15 00:00:00"
2016,4,1.12,1.49,0.75,2016.29,"2016-4-15 00:00:00"
2016,5,0.96,1.12,0.8,2016.38,"2016-5-15 00:00:00"
2016,6,0.82,1.12,0.53,2016.46,"2016-6-15 00:00:00"
2016,7,0.84,1.04,0.66,2016.54,"2016-7-15 00:00:00"
2016,8,1.01,1.11,0.91,2016.62,"2016-8-15 00:00:00"
2016,9,0.91,1.22,0.61,2016.71,"2016-9-15 00:00:00"
2016,10,0.88,1.04,0.73,2016.79,"2016-10-15 00:00:00"
2016,11,0.91,1.11,0.71,2016.88,"2016-11-15 00:00:00"
2016,12,0.86,1.04,0.68,2016.96,"2016-12-15 00:00:00"
2017,1,1.03,1.4,0.67,2017.04,"2017-1-15 00:00:00"
2017,2,1.14,1.5,0.76,2017.12,"2017-2-15 00:00:00"
2017,3,1.16,1.51,0.79,2017.21,"2017-3-15 00:00:00"
2017,4,0.94,1.2,0.67,2017.29,"2017-4-15 00:00:00"
2017,5,0.9,0.93,0.88,2017.38,"2017-5-15 00:00:00"
2017,6,0.72,0.93,0.53,2017.46,"2017-6-15 00:00:00"
2017,7,0.82,0.97,0.69,2017.54,"2017-7-15 00:00:00"
2017,8,0.87,1.01,0.73,2017.62,"2017-8-15 00:00:00"
2017,9,0.79,1,0.58,2017.71,"2017-9-15 00:00:00"
2017,10,0.9,1.06,0.74,2017.79,"2017-10-15 00:00:00"
2017,11,0.88,1.23,0.54,2017.88,"2017-11-15 00:00:00"
2017,12,0.95,1.4,0.49,2017.96,"2017-12-15 00:00:00"
2018,1,0.82,1.14,0.5,2018.04,"2018-1-15 00:00:00"
2018,2,0.85,1.24,0.45,2018.12,"2018-2-15 00:00:00"
2018,3,0.9,1.18,0.61,2018.21,"2018-3-15 00:00:00"
2018,4,0.9,0.97,0.81,2018.29,"2018-4-15 00:00:00"
2018,5,0.82,1.01,0.64,2018.38,"2018-5-15 00:00:00"
2018,6,0.78,0.87,0.69,2018.46,"2018-6-15 00:00:00"
2018,7,0.82,0.9,0.75,2018.54,"2018-7-15 00:00:00"
2018,8,0.77,0.87,0.67,2018.62,"2018-8-15 00:00:00"
2018,9,0.8,0.96,0.65,2018.71,"2018-9-15 00:00:00"
2018,10,1.01,1.24,0.78,2018.79,"2018-10-15 00:00:00"
2018,11,0.83,0.99,0.68,2018.88,"2018-11-15 00:00:00"
2018,12,0.92,1.1,0.74,2018.96,"2018-12-15 00:00:00"
2019,1,0.93,1.2,0.66,2019.04,"2019-1-15 00:00:00"
2019,2,0.95,1.12,0.77,2019.12,"2019-2-15 00:00:00"
2019,3,1.18,1.55,0.8,2019.21,"2019-3-15 00:00:00"
2019,4,1.02,1.25,0.78,2019.29,"2019-4-15 00:00:00"
2019,5,0.86,0.99,0.74,2019.38,"2019-5-15 00:00:00"
2019,6,0.92,1.2,0.66,2019.46,"2019-6-15 00:00:00"
2019,7,0.94,1.04,0.84,2019.54,"2019-7-15 00:00:00"
2019,8,0.94,1.09,0.78,2019.62,"2019-8-15 00:00:00"
2019,9,0.92,1.22,0.63,2019.71,"2019-9-15 00:00:00"
2019,10,1.02,1.31,0.73,2019.79,"2019-10-15 00:00:00"
2019,11,1,1.2,0.81,2019.88,"2019-11-15 00:00:00"
2019,12,1.11,1.42,0.81,2019.96,"2019-12-15 00:00:00"
